-- phpMyAdmin SQL Dump
-- version 4.4.15.7
-- http://www.phpmyadmin.net
--
-- Host: 127.0.0.1
-- Generation Time: Mar 28, 2020 at 12:34 PM
-- Server version: 5.6.37
-- PHP Version: 7.1.8

SET SQL_MODE = "NO_AUTO_VALUE_ON_ZERO";
SET time_zone = "+00:00";


/*!40101 SET @OLD_CHARACTER_SET_CLIENT=@@CHARACTER_SET_CLIENT */;
/*!40101 SET @OLD_CHARACTER_SET_RESULTS=@@CHARACTER_SET_RESULTS */;
/*!40101 SET @OLD_COLLATION_CONNECTION=@@COLLATION_CONNECTION */;
/*!40101 SET NAMES utf8mb4 */;

--
-- Database: `ecommerce`
--

-- --------------------------------------------------------

--
-- Table structure for table `tbl_gf_tbl_brands`
--

CREATE TABLE IF NOT EXISTS `tbl_gf_tbl_brands` (
  `id` int(10) NOT NULL,
  `category_id` text NOT NULL,
  `brand_name` varchar(150) NOT NULL,
  `brand_slug` varchar(150) NOT NULL,
  `brand_image` text NOT NULL,
  `created_at` varchar(150) NOT NULL,
  `status` int(1) NOT NULL DEFAULT '1'
) ENGINE=InnoDB AUTO_INCREMENT=24 DEFAULT CHARSET=utf8;

--
-- Dumping data for table `tbl_gf_tbl_brands`
--

INSERT INTO `tbl_gf_tbl_brands` (`id`, `category_id`, `brand_name`, `brand_slug`, `brand_image`, `created_at`, `status`) VALUES
(1, '2,1', 'MI', 'mi', '26062019120231_10046.jpg', '1561529708', 1),
(2, '1', 'Oppo', 'oppo', '26062019121537_27773.png', '1561530920', 1),
(3, '1,4', 'Samsung', 'samsung', '26062019121648_53623.jpg', '1561531608', 1),
(4, '1', 'Syska', 'syska', '26062019121733_30903.jpg', '1561531653', 1),
(5, '1', 'Intex', 'intex', '26062019122447_19092.jpg', '1561532088', 1),
(6, '1', 'Realme', 'realme', '27062019115530_55172.jpg', '1561616730', 1),
(7, '1', 'Sony', 'sony', '29062019031314_31118.png', '1561801394', 1),
(8, '2', 'Lee', 'lee', '20092019103947_91171_1200px_lee_logo.png', '1568964486', 1),
(9, '1', 'Lois Caron', '', '', '1575261645', 1),
(10, '9', 'Sukkhi', '', '30122019095537_16025.png', '1577679937', 1),
(11, '1,4', 'LG', '', '01012020035502_40079.png', '1577874302', 1),
(12, '4', '7CR', '', '', '1577876631', 1),
(13, '1', 'Acer', '', '03012020054347_46780.jpg', '1578053628', 1),
(14, '2', 'Flying Machine', '', '09012020035158_74503.png', '1578565318', 1),
(15, '2', 'U.S. Polo Association', '', '09012020043602_9090.jpg', '1578567962', 1),
(16, '2', 'GoButtonskart', '', '', '1578630266', 1),
(17, '1', 'LimeStone', '', '10012020122729_28805.png', '1578639449', 1),
(18, '1', 'Louis Devin', '', '', '1578646278', 1),
(19, '10', 'Puma', '', '23012020023430_82852.jpg', '1579770270', 1),
(20, '10', 'Adidas', '', '23012020024612_53790.jpg', '1579770972', 1),
(21, '10', 'Fitze', '', '23012020033040_43717.jpg', '1579773640', 1),
(22, '10', 'Nike', '', '23012020035705_58840.jpg', '1579775225', 1),
(23, '10', 'Beonza', '', '', '1579781611', 1);

-- --------------------------------------------------------

--
-- Table structure for table `tbl_gf_tbl_cart`
--

CREATE TABLE IF NOT EXISTS `tbl_gf_tbl_cart` (
  `id` int(10) NOT NULL,
  `product_id` int(10) NOT NULL,
  `user_id` int(10) NOT NULL,
  `product_qty` int(5) NOT NULL DEFAULT '1',
  `product_size` varchar(10) NOT NULL DEFAULT '0',
  `created_at` varchar(150) NOT NULL,
  `last_update` varchar(150) NOT NULL
) ENGINE=InnoDB DEFAULT CHARSET=utf8;

-- --------------------------------------------------------

--
-- Table structure for table `tbl_gf_tbl_cart_tmp`
--

CREATE TABLE IF NOT EXISTS `tbl_gf_tbl_cart_tmp` (
  `id` int(10) NOT NULL,
  `product_id` int(10) NOT NULL,
  `user_id` int(10) NOT NULL,
  `product_qty` int(5) NOT NULL DEFAULT '1',
  `product_size` varchar(10) NOT NULL DEFAULT '0',
  `created_at` varchar(150) NOT NULL
) ENGINE=InnoDB DEFAULT CHARSET=utf8;

-- --------------------------------------------------------

--
-- Table structure for table `tbl_gf_tbl_category`
--

CREATE TABLE IF NOT EXISTS `tbl_gf_tbl_category` (
  `id` int(10) NOT NULL,
  `category_name` varchar(150) NOT NULL,
  `category_slug` varchar(150) NOT NULL,
  `category_image` text NOT NULL,
  `product_features` longtext NOT NULL,
  `set_on_home` int(1) NOT NULL DEFAULT '0',
  `created_at` varchar(150) NOT NULL,
  `status` int(1) NOT NULL DEFAULT '1'
) ENGINE=InnoDB AUTO_INCREMENT=14 DEFAULT CHARSET=utf8;

--
-- Dumping data for table `tbl_gf_tbl_category`
--

INSERT INTO `tbl_gf_tbl_category` (`id`, `category_name`, `category_slug`, `category_image`, `product_features`, `set_on_home`, `created_at`, `status`) VALUES
(1, 'Electronics', 'electronics', '21102019093649_13765.jpg', 'color', 1, '1568958951', 1),
(2, 'Clothing', 'clothing', '21102019093406_95167.jpg', 'color,size', 1, '1568961064', 1);

-- --------------------------------------------------------

--
-- Table structure for table `tbl_gf_tbl_coupon`
--

CREATE TABLE IF NOT EXISTS `tbl_gf_tbl_coupon` (
  `id` int(10) NOT NULL,
  `coupon_desc` text NOT NULL,
  `coupon_code` varchar(25) NOT NULL,
  `coupon_image` text NOT NULL,
  `coupon_per` int(10) NOT NULL,
  `coupon_amt` int(10) NOT NULL,
  `max_amt_status` varchar(5) NOT NULL,
  `coupon_max_amt` int(10) NOT NULL,
  `cart_status` varchar(5) NOT NULL,
  `coupon_cart_min` varchar(10) NOT NULL,
  `coupon_limit_use` int(10) NOT NULL DEFAULT '1',
  `created_at` varchar(150) NOT NULL,
  `status` int(1) NOT NULL DEFAULT '1'
) ENGINE=InnoDB AUTO_INCREMENT=3 DEFAULT CHARSET=utf8;

--
-- Dumping data for table `tbl_gf_tbl_coupon`
--

INSERT INTO `tbl_gf_tbl_coupon` (`id`, `coupon_desc`, `coupon_code`, `coupon_image`, `coupon_per`, `coupon_amt`, `max_amt_status`, `coupon_max_amt`, `cart_status`, `coupon_cart_min`, `coupon_limit_use`, `created_at`, `status`) VALUES
(1, '<p><strong>Lorem Ipsum</strong> is simply dummy text of the printing and typesetting industry. Lorem Ipsum has been the industry&#39;s standard dummy text ever since the 1500s, when an unknown printer took a galley of type and scrambled it to make a type specimen book. It has survived not only five centuries, but also the leap into electronic typesetting, remaining essentially unchanged. It was popularised in the 1960s with the release of Letraset sheets containing Lorem Ipsum passages, and more recently with desktop publishing software like Aldus PageMaker including versions of Lorem Ipsum.</p>\r\n', '40OFFALL', '29062019093713_18947.png', 40, 0, 'true', 1000, 'true', '2000', 1, '1561781233', 1),
(2, '<p>It is a long established fact that a reader will be distracted by the readable content of a page when looking at its layout. The point of using Lorem Ipsum is that it has a more-or-less normal distribution of letters, as opposed to using &#39;Content here, content here&#39;, making it look like readable English.</p>\r\n', '50%OFF', '29062019032607_64692.png', 50, 0, 'true', 50, 'false', '10000', 10, '1561802167', 1);

-- --------------------------------------------------------

--
-- Table structure for table `tbl_gf_tbl_order_details`
--

CREATE TABLE IF NOT EXISTS `tbl_gf_tbl_order_details` (
  `id` int(10) NOT NULL,
  `user_id` int(10) NOT NULL,
  `coupon_id` int(5) NOT NULL DEFAULT '0',
  `order_unique_id` text NOT NULL,
  `order_address` int(5) NOT NULL,
  `total_amt` double NOT NULL,
  `discount` varchar(10) DEFAULT '0',
  `discount_amt` double NOT NULL,
  `payable_amt` double NOT NULL,
  `new_payable_amt` double NOT NULL,
  `refund_amt` double NOT NULL DEFAULT '0',
  `refund_per` double NOT NULL DEFAULT '0',
  `order_date` varchar(150) NOT NULL,
  `delivery_date` varchar(150) NOT NULL,
  `order_status` int(2) NOT NULL DEFAULT '-1',
  `delivery_charge` varchar(5) NOT NULL DEFAULT '0',
  `is_seen` int(1) NOT NULL DEFAULT '0'
) ENGINE=InnoDB DEFAULT CHARSET=utf8;

-- --------------------------------------------------------

--
-- Table structure for table `tbl_gf_tbl_order_items`
--

CREATE TABLE IF NOT EXISTS `tbl_gf_tbl_order_items` (
  `id` int(10) NOT NULL,
  `order_id` int(10) NOT NULL,
  `user_id` int(10) NOT NULL,
  `product_id` int(10) NOT NULL,
  `product_title` varchar(150) NOT NULL,
  `product_qty` int(5) NOT NULL,
  `product_price` double NOT NULL,
  `product_size` varchar(10) NOT NULL,
  `total_price` double NOT NULL,
  `pro_order_status` int(3) NOT NULL DEFAULT '-1'
) ENGINE=InnoDB DEFAULT CHARSET=utf8;

-- --------------------------------------------------------

--
-- Table structure for table `tbl_gf_tbl_order_status`
--

CREATE TABLE IF NOT EXISTS `tbl_gf_tbl_order_status` (
  `id` int(20) NOT NULL,
  `order_id` int(10) NOT NULL,
  `user_id` int(10) NOT NULL,
  `product_id` int(10) NOT NULL,
  `status_title` varchar(100) NOT NULL,
  `status_desc` text NOT NULL,
  `created_at` varchar(150) NOT NULL
) ENGINE=InnoDB DEFAULT CHARSET=utf8;

-- --------------------------------------------------------

--
-- Table structure for table `tbl_gf_tbl_product`
--

CREATE TABLE IF NOT EXISTS `tbl_gf_tbl_product` (
  `id` int(10) NOT NULL,
  `category_id` int(5) NOT NULL,
  `sub_category_id` int(5) NOT NULL,
  `brand_id` int(11) NOT NULL,
  `offer_id` int(10) NOT NULL DEFAULT '0',
  `product_title` varchar(255) NOT NULL,
  `product_slug` varchar(150) NOT NULL,
  `product_desc` longtext NOT NULL,
  `product_features` longtext NOT NULL,
  `featured_image` text NOT NULL,
  `featured_image2` text NOT NULL,
  `size_chart` text NOT NULL,
  `product_mrp` double NOT NULL,
  `selling_price` double NOT NULL DEFAULT '0',
  `you_save_amt` double NOT NULL DEFAULT '0',
  `you_save_per` double NOT NULL DEFAULT '0',
  `other_color_product` text NOT NULL,
  `color` varchar(100) NOT NULL,
  `product_size` text NOT NULL,
  `product_quantity` int(5) NOT NULL DEFAULT '1',
  `max_unit_buy` int(5) NOT NULL DEFAULT '1',
  `delivery_charge` float NOT NULL,
  `total_views` varchar(10) NOT NULL DEFAULT '0',
  `total_rate` int(10) NOT NULL DEFAULT '0',
  `rate_avg` double NOT NULL DEFAULT '0',
  `is_featured` int(1) DEFAULT '0',
  `today_deal` int(2) NOT NULL DEFAULT '0',
  `today_deal_date` varchar(150) NOT NULL DEFAULT '0',
  `total_sale` int(10) NOT NULL DEFAULT '0',
  `created_at` varchar(150) NOT NULL,
  `status` int(1) NOT NULL DEFAULT '1'
) ENGINE=InnoDB AUTO_INCREMENT=88 DEFAULT CHARSET=utf8;

--
-- Dumping data for table `tbl_gf_tbl_product`
--

INSERT INTO `tbl_gf_tbl_product` (`id`, `category_id`, `sub_category_id`, `brand_id`, `offer_id`, `product_title`, `product_slug`, `product_desc`, `product_features`, `featured_image`, `featured_image2`, `size_chart`, `product_mrp`, `selling_price`, `you_save_amt`, `you_save_per`, `other_color_product`, `color`, `product_size`, `product_quantity`, `max_unit_buy`, `delivery_charge`, `total_views`, `total_rate`, `rate_avg`, `is_featured`, `today_deal`, `today_deal_date`, `total_sale`, `created_at`, `status`) VALUES
(1, 1, 8, 1, 1, 'Redmi Note 7S (Astro Moonlight White, 64 GB)  (4 GB RAM)', 'redmi-note-7s-astro-moonlight-white-64-gb-4-gb-ram', 'Lorem Ipsum is simply dummy text of the printing and typesetting industry. Lorem Ipsum has been the industry''s standard dummy text ever since the 1500s, when an unknown printer took a galley of type and scrambled it to make a type specimen book. It has survived not only five centuries, but also the leap into electronic typesetting, remaining essentially unchanged. It was popularised in the 1960s with the release of Letraset sheets containing Lorem Ipsum passages, and more recently with desktop publishing software like Aldus PageMaker including versions of Lorem Ipsum.', '<ul>\r\n <li>4 GB RAM | 64 GB ROM | Expandable Upto 256 GB</li>\r\n <li>16.0 cm (6.3 inch) FHD+ Display</li>\r\n <li>48MP + 5MP | 13MP Front Camera</li>\r\n <li>4000 mAh Battery</li>\r\n <li>Qualcomm Snapdragon 660 AIE Processor</li>\r\n <li>Quick Charge 4.0 Support</li>\r\n</ul>\r\n', '25102019040021_34193.png', '25102019040114_92396_2_.png', '', 155, 77.5, 77.5, 50, '3', 'Astro Moonlight White/E6E6E6', '', 0, 5, 0, '0', 0, 0, 0, 0, '0', 0, '1568979219', 1),
(2, 2, 3, 8, 0, 'Blue Jeans for Mens', 'blue-jeans-for-mens', '<p><strong>Lorem Ipsum</strong> is simply dummy text of the printing and typesetting industry. Lorem Ipsum has been the industry&#39;s standard dummy text ever since the 1500s, when an unknown printer took a galley of type and scrambled it to make a type specimen book. It has survived not only five centuries, but also the leap into electronic typesetting, remaining essentially unchanged. It was popularised in the 1960s with the release of Letraset sheets containing Lorem Ipsum passages, and more recently with desktop publishing software like Aldus PageMaker including versions of Lorem Ipsum.</p>\r\n', '<p><strong>Style Code:</strong> MAW19JN151</p>\r\n\r\n<p><strong>Ideal For:</strong> Men</p>\r\n\r\n<p><strong>Suitable For:</strong> Western Wear</p>\r\n\r\n<p><strong>Pack Of:</strong> 1</p>\r\n\r\n<p><strong>Pocket Type:</strong> Patch Pocket, Coin Pocket, Curved Pocket</p>\r\n\r\n<p><strong>Reversible:</strong> No Sales Package: 1</p>\r\n\r\n<p><strong>Closure:</strong> Button</p>\r\n\r\n<p><strong>Fabric:</strong> Cotton Blend Gentle</p>\r\n\r\n<p><strong>Machine Wash || Do Not Wring || Do Not Bleach || Tumble Dry Low || Do Not Iron on Print or Embellishment</strong></p>\r\n', '25102019054430_7113.png', '25102019054440_48213_2_.png', '', 1.39, 1.39, 0, 0, '', 'Sky Blue/3691E3', 'XS, S, M, L, XL,  XXL', 20, 10, 1.01, '0', 0, 0, 0, 0, '0', 0, '1569500852', 1),
(3, 1, 8, 1, 0, 'Redmi Note 7S (Onyx Black, 32 GB)  (3 GB RAM)', 'redmi-note-7s-onyx-black-32-gb-3-gb-ram', '<ul>\r\n <li>4 GB RAM | 64 GB ROM | Expandable Upto 256 GB</li>\r\n <li>16.0 cm (6.3 inch) FHD+ Display</li>\r\n <li>48MP + 5MP | 13MP Front Camera</li>\r\n <li>4000 mAh Battery</li>\r\n <li>Qualcomm Snapdragon 660 AIE Processor</li>\r\n <li>Quick Charge 4.0 Support</li>\r\n</ul>\r\n', '<h3>General</h3>\r\n\r\n<table border="1" cellpadding="10" cellspacing="10">\r\n <tbody>\r\n  <tr>\r\n   <td>In The Box</td>\r\n   <td>\r\n   <ul>\r\n    <li>Handset, Charging Cable, SIM Ejector Tool, Warranty Card, Manual, Soft Protective Case, Adapter</li>\r\n   </ul>\r\n   </td>\r\n  </tr>\r\n  <tr>\r\n   <td>Model Number</td>\r\n   <td>\r\n   <ul>\r\n    <li>MZB7744IN</li>\r\n   </ul>\r\n   </td>\r\n  </tr>\r\n  <tr>\r\n   <td>Model Name</td>\r\n   <td>\r\n   <ul>\r\n    <li>Redmi Note 7S</li>\r\n   </ul>\r\n   </td>\r\n  </tr>\r\n  <tr>\r\n   <td>Color</td>\r\n   <td>\r\n   <ul>\r\n    <li>Onyx Black</li>\r\n   </ul>\r\n   </td>\r\n  </tr>\r\n  <tr>\r\n   <td>Browse Type</td>\r\n   <td>\r\n   <ul>\r\n    <li>Smartphones</li>\r\n   </ul>\r\n   </td>\r\n  </tr>\r\n  <tr>\r\n   <td>SIM Type</td>\r\n   <td>\r\n   <ul>\r\n    <li>Dual Sim</li>\r\n   </ul>\r\n   </td>\r\n  </tr>\r\n  <tr>\r\n   <td>Hybrid Sim Slot</td>\r\n   <td>\r\n   <ul>\r\n    <li>Yes</li>\r\n   </ul>\r\n   </td>\r\n  </tr>\r\n  <tr>\r\n   <td>Touchscreen</td>\r\n   <td>\r\n   <ul>\r\n    <li>Yes</li>\r\n   </ul>\r\n   </td>\r\n  </tr>\r\n  <tr>\r\n   <td>OTG Compatible</td>\r\n   <td>\r\n   <ul>\r\n    <li>Yes</li>\r\n   </ul>\r\n   </td>\r\n  </tr>\r\n  <tr>\r\n   <td>Sound Enhancements</td>\r\n   <td>\r\n   <ul>\r\n    <li>Speaker: Single (Bottom Opening), 2 Microphones (for Noise Cancellation), Smart PA</li>\r\n   </ul>\r\n   </td>\r\n  </tr>\r\n  <tr>\r\n   <td>SAR Value</td>\r\n   <td>\r\n   <ul>\r\n    <li>Head - 0.962W/kg, Body - 0.838W/kg</li>\r\n   </ul>\r\n   </td>\r\n  </tr>\r\n </tbody>\r\n</table>\r\n\r\n<h3>Display Features</h3>\r\n\r\n<table border="1" cellpadding="10" cellspacing="10">\r\n <tbody>\r\n  <tr>\r\n   <td>Display Size</td>\r\n   <td>\r\n   <ul>\r\n    <li>16.0 cm (6.3 inch)</li>\r\n   </ul>\r\n   </td>\r\n  </tr>\r\n  <tr>\r\n   <td>Resolution</td>\r\n   <td>\r\n   <ul>\r\n    <li>2340 x 1080 pixels</li>\r\n   </ul>\r\n   </td>\r\n  </tr>\r\n  <tr>\r\n   <td>Resolution Type</td>\r\n   <td>\r\n   <ul>\r\n    <li>Full HD+</li>\r\n   </ul>\r\n   </td>\r\n  </tr>\r\n  <tr>\r\n   <td>GPU</td>\r\n   <td>\r\n   <ul>\r\n    <li>Adreno 512</li>\r\n   </ul>\r\n   </td>\r\n  </tr>\r\n  <tr>\r\n   <td>Display Type</td>\r\n   <td>\r\n   <ul>\r\n    <li>IPS (In-cell), RD</li>\r\n   </ul>\r\n   </td>\r\n  </tr>\r\n  <tr>\r\n   <td>Other Display Features</td>\r\n   <td>\r\n   <ul>\r\n    <li>Contrast Ratio: 1500:1 (Typical), 81.41% NTSC Ratio, Gorilla Glass 5 (Front and Back)</li>\r\n   </ul>\r\n   </td>\r\n  </tr>\r\n </tbody>\r\n</table>\r\n\r\n<h3>Os & Processor Features</h3>\r\n\r\n<table border="1" cellpadding="10" cellspacing="10">\r\n <tbody>\r\n  <tr>\r\n   <td>Operating System</td>\r\n   <td>\r\n   <ul>\r\n    <li>Android Pie 9.0</li>\r\n   </ul>\r\n   </td>\r\n  </tr>\r\n  <tr>\r\n   <td>Processor Type</td>\r\n   <td>\r\n   <ul>\r\n    <li>Qualcomm Snapdragon 660 AIE</li>\r\n   </ul>\r\n   </td>\r\n  </tr>\r\n  <tr>\r\n   <td>Processor Core</td>\r\n   <td>\r\n   <ul>\r\n    <li>Octa Core</li>\r\n   </ul>\r\n   </td>\r\n  </tr>\r\n  <tr>\r\n   <td>Primary Clock Speed</td>\r\n   <td>\r\n   <ul>\r\n    <li>2.2 GHz</li>\r\n   </ul>\r\n   </td>\r\n  </tr>\r\n  <tr>\r\n   <td>Secondary Clock Speed</td>\r\n   <td>\r\n   <ul>\r\n    <li>1.8 GHz</li>\r\n   </ul>\r\n   </td>\r\n  </tr>\r\n  <tr>\r\n   <td>Operating Frequency</td>\r\n   <td>\r\n   <ul>\r\n    <li>GSM: B2, B3, B5, B8, WCDMA: B1, B2, B5, B8, 4G LTE-TDD: B40, B41, 4G LTE-FDD: B1, B3, B5, B8, CA: 1C (Only DLCA), 3C, 40C, 41C</li>\r\n   </ul>\r\n   </td>\r\n  </tr>\r\n </tbody>\r\n</table>\r\n\r\n<h3>Memory & Storage Features</h3>\r\n\r\n<table border="1" cellpadding="10" cellspacing="10">\r\n <tbody>\r\n  <tr>\r\n   <td>Internal Storage</td>\r\n   <td>\r\n   <ul>\r\n    <li>32 GB</li>\r\n   </ul>\r\n   </td>\r\n  </tr>\r\n  <tr>\r\n   <td>RAM</td>\r\n   <td>\r\n   <ul>\r\n    <li>3 GB</li>\r\n   </ul>\r\n   </td>\r\n  </tr>\r\n  <tr>\r\n   <td>Expandable Storage</td>\r\n   <td>\r\n   <ul>\r\n    <li>256 GB</li>\r\n   </ul>\r\n   </td>\r\n  </tr>\r\n  <tr>\r\n   <td>Supported Memory Card Type</td>\r\n   <td>\r\n   <ul>\r\n    <li>microSD</li>\r\n   </ul>\r\n   </td>\r\n  </tr>\r\n  <tr>\r\n   <td>Memory Card Slot Type</td>\r\n   <td>\r\n   <ul>\r\n    <li>Hybrid Slot</li>\r\n   </ul>\r\n   </td>\r\n  </tr>\r\n </tbody>\r\n</table>\r\n\r\n<h3>Camera Features</h3>\r\n\r\n<table border="1" cellpadding="10" cellspacing="10">\r\n <tbody>\r\n  <tr>\r\n   <td>Primary Camera Available</td>\r\n   <td>\r\n   <ul>\r\n    <li>Yes</li>\r\n   </ul>\r\n   </td>\r\n  </tr>\r\n  <tr>\r\n   <td>Primary Camera</td>\r\n   <td>\r\n   <ul>\r\n    <li>48MP + 5MP</li>\r\n   </ul>\r\n   </td>\r\n  </tr>\r\n  <tr>\r\n   <td>Primary Camera Features</td>\r\n   <td>\r\n   <ul>\r\n    <li>48MP (GM1) - F1.79, 1.6 micrometer (4 in 1), 6P Lens (48MP) + 3P Lens (5MP), PDAF, 5MP - F2.2, 1.12 micrometer, Slow Motion Support at 120 fps</li>\r\n   </ul>\r\n   </td>\r\n  </tr>\r\n  <tr>\r\n   <td>Secondary Camera Available</td>\r\n   <td>\r\n   <ul>\r\n    <li>Yes</li>\r\n   </ul>\r\n   </td>\r\n  </tr>\r\n  <tr>\r\n   <td>Secondary Camera</td>\r\n   <td>\r\n   <ul>\r\n    <li>13MP</li>\r\n   </ul>\r\n   </td>\r\n  </tr>\r\n  <tr>\r\n   <td>Secondary Camera Features</td>\r\n   <td>\r\n   <ul>\r\n    <li>F2.0 Aperture, 1.12 micrometer</li>\r\n   </ul>\r\n   </td>\r\n  </tr>\r\n  <tr>\r\n   <td>Flash</td>\r\n   <td>\r\n   <ul>\r\n    <li>Rear Flash</li>\r\n   </ul>\r\n   </td>\r\n  </tr>\r\n  <tr>\r\n   <td>Dual Camera Lens</td>\r\n   <td>\r\n   <ul>\r\n    <li>Primary Camera</li>\r\n   </ul>\r\n   </td>\r\n  </tr>\r\n </tbody>\r\n</table>\r\n\r\n<h3>Connectivity Features</h3>\r\n\r\n<table border="1" cellpadding="10" cellspacing="10">\r\n <tbody>\r\n  <tr>\r\n   <td>Network Type</td>\r\n   <td>\r\n   <ul>\r\n    <li>3G, 4G VOLTE, 4G, 2G</li>\r\n   </ul>\r\n   </td>\r\n  </tr>\r\n  <tr>\r\n   <td>Supported Networks</td>\r\n   <td>\r\n   <ul>\r\n    <li>GSM, WCDMA, 4G VoLTE, 4G LTE</li>\r\n   </ul>\r\n   </td>\r\n  </tr>\r\n  <tr>\r\n   <td>Internet Connectivity</td>\r\n   <td>\r\n   <ul>\r\n    <li>4G, 3G, Wi-Fi</li>\r\n   </ul>\r\n   </td>\r\n  </tr>\r\n  <tr>\r\n   <td>3G</td>\r\n   <td>\r\n   <ul>\r\n    <li>Yes</li>\r\n   </ul>\r\n   </td>\r\n  </tr>\r\n  <tr>\r\n   <td>Bluetooth Support</td>\r\n   <td>\r\n   <ul>\r\n    <li>Yes</li>\r\n   </ul>\r\n   </td>\r\n  </tr>\r\n  <tr>\r\n   <td>Bluetooth Version</td>\r\n   <td>\r\n   <ul>\r\n    <li>5.0</li>\r\n   </ul>\r\n   </td>\r\n  </tr>\r\n  <tr>\r\n   <td>Wi-Fi</td>\r\n   <td>\r\n   <ul>\r\n    <li>Yes</li>\r\n   </ul>\r\n   </td>\r\n  </tr>\r\n  <tr>\r\n   <td>Wi-Fi Version</td>\r\n   <td>\r\n   <ul>\r\n    <li>802.11a/b/g/n/ac</li>\r\n   </ul>\r\n   </td>\r\n  </tr>\r\n  <tr>\r\n   <td>USB Connectivity</td>\r\n   <td>\r\n   <ul>\r\n    <li>Yes</li>\r\n   </ul>\r\n   </td>\r\n  </tr>\r\n  <tr>\r\n   <td>Audio Jack</td>\r\n   <td>\r\n   <ul>\r\n    <li>3.5mm</li>\r\n   </ul>\r\n   </td>\r\n  </tr>\r\n  <tr>\r\n   <td>Map Support</td>\r\n   <td>\r\n   <ul>\r\n    <li>Google Maps</li>\r\n   </ul>\r\n   </td>\r\n  </tr>\r\n  <tr>\r\n   <td>GPS Support</td>\r\n   <td>\r\n   <ul>\r\n    <li>Yes</li>\r\n   </ul>\r\n   </td>\r\n  </tr>\r\n </tbody>\r\n</table>\r\n\r\n<h3>Other Details</h3>\r\n\r\n<table border="1" cellpadding="10" cellspacing="10">\r\n <tbody>\r\n  <tr>\r\n   <td>Smartphone</td>\r\n   <td>\r\n   <ul>\r\n    <li>Yes</li>\r\n   </ul>\r\n   </td>\r\n  </tr>\r\n  <tr>\r\n   <td>SIM Size</td>\r\n   <td>\r\n   <ul>\r\n    <li>Nano SIM + Nano SIM</li>\r\n   </ul>\r\n   </td>\r\n  </tr>\r\n  <tr>\r\n   <td>User Interface</td>\r\n   <td>\r\n   <ul>\r\n    <li>MIUI 10</li>\r\n   </ul>\r\n   </td>\r\n  </tr>\r\n  <tr>\r\n   <td>Graphics PPI</td>\r\n   <td>\r\n   <ul>\r\n    <li>409 PPI</li>\r\n   </ul>\r\n   </td>\r\n  </tr>\r\n  <tr>\r\n   <td>Sensors</td>\r\n   <td>\r\n   <ul>\r\n    <li>Rear Fingerprint Sensor, Ambient Light Sensor, Proximity Sensor, E-compass, Accelerometer, Gyroscope</li>\r\n   </ul>\r\n   </td>\r\n  </tr>\r\n  <tr>\r\n   <td>Other Features</td>\r\n   <td>\r\n   <ul>\r\n    <li>Clock Speed/Cores/Bits: 4 x Gold 2.2 GHz + 4 x Silver 1.8 GHz, eMMC v5.1, Charger: 5V/2A, Body: 2.5D Glass (Back and Front), Splash-proof Protected by P2i, Quick Charge 4.0, Super Low Light (Night) Photography, IR Blaster, USB Type-C (2.0)</li>\r\n   </ul>\r\n   </td>\r\n  </tr>\r\n  <tr>\r\n   <td>GPS Type</td>\r\n   <td>\r\n   <ul>\r\n    <li>A-GPS, GLONASS, BeiDou</li>\r\n   </ul>\r\n   </td>\r\n  </tr>\r\n </tbody>\r\n</table>\r\n\r\n<h3>Battery & Power Features</h3>\r\n\r\n<table border="1" cellpadding="10" cellspacing="10">\r\n <tbody>\r\n  <tr>\r\n   <td>Battery Capacity</td>\r\n   <td>\r\n   <ul>\r\n    <li>4000 mAh</li>\r\n   </ul>\r\n   </td>\r\n  </tr>\r\n  <tr>\r\n   <td>Battery Type</td>\r\n   <td>\r\n   <ul>\r\n    <li>Li-polymer</li>\r\n   </ul>\r\n   </td>\r\n  </tr>\r\n </tbody>\r\n</table>\r\n\r\n<h3>Dimensions</h3>\r\n\r\n<table border="1" cellpadding="10" cellspacing="10">\r\n <tbody>\r\n  <tr>\r\n   <td>Width</td>\r\n   <td>\r\n   <ul>\r\n    <li>75.21 mm</li>\r\n   </ul>\r\n   </td>\r\n  </tr>\r\n  <tr>\r\n   <td>Height</td>\r\n   <td>\r\n   <ul>\r\n    <li>159.21 mm</li>\r\n   </ul>\r\n   </td>\r\n  </tr>\r\n  <tr>\r\n   <td>Depth</td>\r\n   <td>\r\n   <ul>\r\n    <li>8.1 mm</li>\r\n   </ul>\r\n   </td>\r\n  </tr>\r\n  <tr>\r\n   <td>Weight</td>\r\n   <td>\r\n   <ul>\r\n    <li>186 g</li>\r\n   </ul>\r\n   </td>\r\n  </tr>\r\n </tbody>\r\n</table>\r\n\r\n<h3>Warranty</h3>\r\n\r\n<table border="1" cellpadding="10" cellspacing="10">\r\n <tbody>\r\n  <tr>\r\n   <td>Warranty Summary</td>\r\n   <td>\r\n   <ul>\r\n    <li>Brand Warranty of 1 Year Available for Mobile and 6 Months for Accessories</li>\r\n   </ul>\r\n   </td>\r\n  </tr>\r\n </tbody>\r\n</table>\r\n', '25102019044132_87865.png', '25102019044145_21759_2_.png', '', 166.39, 166.39, 0, 0, '1', 'Onyx Black/171717', '', 0, 5, 0, '0', 0, 0, 0, 0, '0', 0, '1568979219', 1),
(4, 2, 3, 8, 0, 'Black Jeans for Girl', 'black-jeans-for-girl', '<p>This is black jeans..</p>\r\n', '', '25102019053946_62867.png', '25102019053956_59522_2_.png', '', 20.92, 20.92, 0, 0, '2', 'Sky Blue/27E3A6', '6 ,7, 8, 9, 10', 0, 3, 0, '0', 0, 0, 0, 0, '0', 0, '1569500852', 1),
(5, 1, 8, 3, 1, 'Samsung Galaxy M30s (Sapphire Blue, 4GB RAM, Super AMOLED Display, 64GB Storage, 6000mAH Battery)', 'samsung-galaxy-m30s-sapphire-blue-4gb-ram-super-amoled-display-64gb-storage-6000mah-battery', 'Lorem Ipsum is simply dummy text of the printing and typesetting industry. Lorem Ipsum has been the industry''s standard dummy text ever since the 1500s, when an unknown printer took a galley of type and scrambled it to make a type specimen book. It has survived not only five centuries, but also the leap into electronic typesetting, remaining essentially unchanged. It was popularised in the 1960s with the release of Letraset sheets containing Lorem Ipsum passages, and more recently with desktop publishing software like Aldus PageMaker including versions of Lorem Ipsum.', '<h3>General</h3>\r\n\r\n<table border="1" cellpadding="10" cellspacing="10">\r\n <tbody>\r\n  <tr>\r\n   <td>In The Box</td>\r\n   <td>\r\n   <ul>\r\n    <li>Handset, Adapter (5V/2A), Micro-USB Cable, Important Information Booklet with Warranty Card, Quick Guide, SIM Card Tool, Screen Protect Film</li>\r\n   </ul>\r\n   </td>\r\n  </tr>\r\n  <tr>\r\n   <td>Model Number</td>\r\n   <td>\r\n   <ul>\r\n    <li>RMX1941</li>\r\n   </ul>\r\n   </td>\r\n  </tr>\r\n  <tr>\r\n   <td>Model Name</td>\r\n   <td>\r\n   <ul>\r\n    <li>C2</li>\r\n   </ul>\r\n   </td>\r\n  </tr>\r\n  <tr>\r\n   <td>Color</td>\r\n   <td>\r\n   <ul>\r\n    <li>Diamond Black</li>\r\n   </ul>\r\n   </td>\r\n  </tr>\r\n  <tr>\r\n   <td>Browse Type</td>\r\n   <td>\r\n   <ul>\r\n    <li>Smartphones</li>\r\n   </ul>\r\n   </td>\r\n  </tr>\r\n  <tr>\r\n   <td>SIM Type</td>\r\n   <td>\r\n   <ul>\r\n    <li>Dual Sim</li>\r\n   </ul>\r\n   </td>\r\n  </tr>\r\n  <tr>\r\n   <td>Hybrid Sim Slot</td>\r\n   <td>\r\n   <ul>\r\n    <li>No</li>\r\n   </ul>\r\n   </td>\r\n  </tr>\r\n  <tr>\r\n   <td>Touchscreen</td>\r\n   <td>\r\n   <ul>\r\n    <li>Yes</li>\r\n   </ul>\r\n   </td>\r\n  </tr>\r\n  <tr>\r\n   <td>OTG Compatible</td>\r\n   <td>\r\n   <ul>\r\n    <li>Yes</li>\r\n   </ul>\r\n   </td>\r\n  </tr>\r\n </tbody>\r\n</table>\r\n\r\n<h3>Display Features</h3>\r\n\r\n<table border="1" cellpadding="10" cellspacing="10">\r\n <tbody>\r\n  <tr>\r\n   <td>Display Size</td>\r\n   <td>\r\n   <ul>\r\n    <li>15.49 cm (6.1 inch)</li>\r\n   </ul>\r\n   </td>\r\n  </tr>\r\n  <tr>\r\n   <td>Resolution</td>\r\n   <td>\r\n   <ul>\r\n    <li>1560 x 720 pixels</li>\r\n   </ul>\r\n   </td>\r\n  </tr>\r\n  <tr>\r\n   <td>Resolution Type</td>\r\n   <td>\r\n   <ul>\r\n    <li>HD+</li>\r\n   </ul>\r\n   </td>\r\n  </tr>\r\n  <tr>\r\n   <td>GPU</td>\r\n   <td>\r\n   <ul>\r\n    <li>GE8320</li>\r\n   </ul>\r\n   </td>\r\n  </tr>\r\n  <tr>\r\n   <td>Display Colors</td>\r\n   <td>\r\n   <ul>\r\n    <li>16.7M</li>\r\n   </ul>\r\n   </td>\r\n  </tr>\r\n  <tr>\r\n   <td>Other Display Features</td>\r\n   <td>\r\n   <ul>\r\n    <li>Screen Texture: a-Si, In-cell Touch Panel Technology, Screen Ratio: 19.5:9, Touch Panel Glass Type: GG3, Screen Contrast: 1200/900, Color Saturation: 70%/65% NTSC, Maximum Brightness: 450 nits/400 nits</li>\r\n   </ul>\r\n   </td>\r\n  </tr>\r\n </tbody>\r\n</table>\r\n', '25102019043521_33791.png', '25102019043835_38319_2_.png', '', 216.15, 108, 108, 50, '', 'Sapphire Blue/3FD4E0', '', 0, 2, 0, '0', 0, 0, 0, 0, '0', 0, '1572001521', 1),
(6, 2, 2, 0, 0, 'Dennis Lingo Men''s Checkered Maroon Slim Fit Casual Shirt', 'dennis-lingo-mens-checkered-maroon-slim-fit-casual-shirt', '<ul>\r\n <li>Fit Type: Slim Fit</li>\r\n <li>100% Premium Twill Cottton, Pre Washed for an extremely soft finish and Rich look</li>\r\n <li>Stylish Checkered Shirt With pocket on Chest</li>\r\n <li>Modern Slim Fit</li>\r\n <li>Best for casual & smart casual wear</li>\r\n <li>Size chart - S-38, M-40, L-42, XL-44, XXL-46</li>\r\n</ul>\r\n', '', '26102019092151_21184.png', '26102019092233_46921_2_.png', '', 34.86, 34.86, 0, 0, '', 'Maroon/B81818', 'S-38, M-40, L-42, XL-44, XXL-46', 10, 5, 0, '0', 0, 0, 0, 0, '0', 0, '1572061911', 1),
(8, 1, 8, 1, 1, 'Redmi Note 8 Pro (Gamma Green, 128 GB) (6 GB RAM)', 'redmi-note-8-pro-gamma-green-128-gb-6-gb-ram', '<ul>\r\n <li>6 GB RAM | 128 GB ROM | Expandable Upto 128 GB</li>\r\n <li>16.59 cm (6.53 inch) FHD+ Display</li>\r\n <li>64MP + 8MP</li>\r\n <li>4500 mAh Battery</li>\r\n</ul>\r\n', '', '07112019043756_10538.png', '07112019043856_38590_2_.png', '', 264.61, 132, 132, 50, '', 'Gamma Green/1783B3', '', 0, 5, 0, '0', 0, 0, 0, 0, '0', 0, '1573124876', 1),
(9, 1, 8, 6, 1, 'Realme XT (Pearl Blue, 64 GB) (4 GB RAM)', 'realme-xt-pearl-blue-64-gb-4-gb-ram', 'Lorem Ipsum is simply dummy text of the printing and typesetting industry. Lorem Ipsum has been the industry''s standard dummy text ever since the 1500s, when an unknown printer took a galley of type and scrambled it to make a type specimen book. It has survived not only five centuries, but also the leap into electronic typesetting, remaining essentially unchanged. It was popularised in the 1960s with the release of Letraset sheets containing Lorem Ipsum passages, and more recently with desktop publishing software like Aldus PageMaker including versions of Lorem Ipsum.\r\n', '<ul>\r\n <li>4 GB RAM | 64 GB ROM | Expandable Upto 256 GB</li>\r\n <li>16.26 cm (6.4 inch) Display</li>\r\n <li>64MP + 8MP + 2MP + 2MP Quad Camera | 16MP Front Camera</li>\r\n <li>4000 mAh Battery</li>\r\n <li>Qualcomm 712 Processor</li>\r\n <li>FHD+ Super AMOLED Display</li>\r\n <li>In Display Fingerprint Sensor</li>\r\n</ul>\r\n', '07112019044349_64821.png', '07112019044421_82151_2_.png', '', 237.05, 118.5, 118.5, 50, '', 'Pearl Blue/2B52D9', '', 0, 5, 0, '0', 0, 0, 0, 0, '0', 0, '1573125229', 1),
(28, 1, 8, 6, 0, 'Realme 5 Pro (Sparkling Blue, 64 GB)  (4 GB RAM)', 'realme-5-pro-sparkling-blue-64-gb-4-gb-ram', 'Right from texting your buddies to clicking incredible pictures - the Realme 5 Pro lets you do more of what you love. Powered by a 10 nm octa-core Qualcomm Snapdragon 712 AIE processor, this phone lets you multitask seamlessly. Thanks to the 48 MP AI Quad Camera, you can capture beautiful scenic views on film. Watch everything on its 16 cm (6.3) FHD+ Mini-drop display come to life.', '<h3>General</h3>\r\n\r\n<table border="\\\\">\r\n <tbody>\r\n  <tr>\r\n   <td>In The Box</td>\r\n   <td>\r\n   <ul>\r\n    <li>Handset, Adapter (5V/4A), Important Info Booklet with Warranty Card, Quick Guide, SIM Card Tool, Screen Protect Film, Case</li>\r\n   </ul>\r\n   </td>\r\n  </tr>\r\n  <tr>\r\n   <td>Model Number</td>\r\n   <td>\r\n   <ul>\r\n    <li>RMX1971</li>\r\n   </ul>\r\n   </td>\r\n  </tr>\r\n  <tr>\r\n   <td>Model Name</td>\r\n   <td>\r\n   <ul>\r\n    <li>5 Pro</li>\r\n   </ul>\r\n   </td>\r\n  </tr>\r\n  <tr>\r\n   <td>Color</td>\r\n   <td>\r\n   <ul>\r\n    <li>Sparkling Blue</li>\r\n   </ul>\r\n   </td>\r\n  </tr>\r\n  <tr>\r\n   <td>Browse Type</td>\r\n   <td>\r\n   <ul>\r\n    <li>Smartphones</li>\r\n   </ul>\r\n   </td>\r\n  </tr>\r\n  <tr>\r\n   <td>SIM Type</td>\r\n   <td>\r\n   <ul>\r\n    <li>Dual Sim</li>\r\n   </ul>\r\n   </td>\r\n  </tr>\r\n  <tr>\r\n   <td>Hybrid Sim Slot</td>\r\n   <td>\r\n   <ul>\r\n    <li>No</li>\r\n   </ul>\r\n   </td>\r\n  </tr>\r\n  <tr>\r\n   <td>Touchscreen</td>\r\n   <td>\r\n   <ul>\r\n    <li>Yes</li>\r\n   </ul>\r\n   </td>\r\n  </tr>\r\n  <tr>\r\n   <td>OTG Compatible</td>\r\n   <td>\r\n   <ul>\r\n    <li>Yes</li>\r\n   </ul>\r\n   </td>\r\n  </tr>\r\n  <tr>\r\n   <td>Sound Enhancements</td>\r\n   <td>\r\n   <ul>\r\n    <li>Double Mic Noise Suppression, Speaker - Bottom Right, Super Linear Speaker, Real Original Sound Technology</li>\r\n   </ul>\r\n   </td>\r\n  </tr>\r\n </tbody>\r\n</table>\r\n', '01012020060018_88421.png', '01012020060018_884211.png', '', 133, 133, 0, 0, '', 'Sparkling Blue/0B39D0', '', 0, 2, 0, '0', 0, 0, 0, 0, '0', 0, '1577881818', 1),
(29, 1, 21, 3, 0, 'Samsung Series 4 80cm (32 inch) HD Ready LED Smart TV', 'samsung-series-4-80cm-32-inch-hd-ready-led-smart-tv', 'You can now turn this Samsung Smart TV into a full-fledged PC or your very own virtual music system. With features such as Live Cast and Screen Mirroring, you can have some good times with your family right at home. The Micro Dimming Pro feature lets you catch all the action on the big screen.', '<h3>General</h3>\r\n\r\n<table border="1">\r\n <tbody>\r\n  <tr>\r\n   <td>In The Box</td>\r\n   <td>\r\n   <ul>\r\n    <li>1n LED tv,1n dc VSS(a),1N ASSY,accessory-manual cable 1n power cord DT,2n battery Alkaline(AAA),Size 1n remocon-tv,1n leaflet-warranty.1nmanual users,1n assy stand p-cover bottom</li>\r\n   </ul>\r\n   </td>\r\n  </tr>\r\n  <tr>\r\n   <td>Model Name</td>\r\n   <td>\r\n   <ul>\r\n    <li>UA32N4305ARXXL</li>\r\n   </ul>\r\n   </td>\r\n  </tr>\r\n  <tr>\r\n   <td>Color</td>\r\n   <td>\r\n   <ul>\r\n    <li>Black</li>\r\n   </ul>\r\n   </td>\r\n  </tr>\r\n  <tr>\r\n   <td>Display Size</td>\r\n   <td>\r\n   <ul>\r\n    <li>80 cm (32)</li>\r\n   </ul>\r\n   </td>\r\n  </tr>\r\n  <tr>\r\n   <td>Screen Type</td>\r\n   <td>\r\n   <ul>\r\n    <li>LED</li>\r\n   </ul>\r\n   </td>\r\n  </tr>\r\n  <tr>\r\n   <td>HD Technology & Resolution</td>\r\n   <td>\r\n   <ul>\r\n    <li>HD Ready, 1366 x 768</li>\r\n   </ul>\r\n   </td>\r\n  </tr>\r\n  <tr>\r\n   <td>3D</td>\r\n   <td>\r\n   <ul>\r\n    <li>No</li>\r\n   </ul>\r\n   </td>\r\n  </tr>\r\n  <tr>\r\n   <td>Smart TV</td>\r\n   <td>\r\n   <ul>\r\n    <li>Yes</li>\r\n   </ul>\r\n   </td>\r\n  </tr>\r\n  <tr>\r\n   <td>Curve TV</td>\r\n   <td>\r\n   <ul>\r\n    <li>No</li>\r\n   </ul>\r\n   </td>\r\n  </tr>\r\n  <tr>\r\n   <td>Series</td>\r\n   <td>\r\n   <ul>\r\n    <li>Series 4</li>\r\n   </ul>\r\n   </td>\r\n  </tr>\r\n  <tr>\r\n   <td>Touchscreen</td>\r\n   <td>\r\n   <ul>\r\n    <li>No</li>\r\n   </ul>\r\n   </td>\r\n  </tr>\r\n  <tr>\r\n   <td>Motion Sensor</td>\r\n   <td>\r\n   <ul>\r\n    <li>No</li>\r\n   </ul>\r\n   </td>\r\n  </tr>\r\n  <tr>\r\n   <td>HDMI</td>\r\n   <td>\r\n   <ul>\r\n    <li>2</li>\r\n   </ul>\r\n   </td>\r\n  </tr>\r\n  <tr>\r\n   <td>USB</td>\r\n   <td>\r\n   <ul>\r\n    <li>1</li>\r\n   </ul>\r\n   </td>\r\n  </tr>\r\n  <tr>\r\n   <td>Wi-Fi Type</td>\r\n   <td>\r\n   <ul>\r\n    <li>802.11 ac dual band</li>\r\n   </ul>\r\n   </td>\r\n  </tr>\r\n  <tr>\r\n   <td>Built In Wi-Fi</td>\r\n   <td>\r\n   <ul>\r\n    <li>Yes</li>\r\n   </ul>\r\n   </td>\r\n  </tr>\r\n  <tr>\r\n   <td>Launch Year</td>\r\n   <td>\r\n   <ul>\r\n    <li>2019</li>\r\n   </ul>\r\n   </td>\r\n  </tr>\r\n </tbody>\r\n</table>\r\n\r\n<h3>Internet Features</h3>\r\n\r\n<table border="1">\r\n <tbody>\r\n  <tr>\r\n   <td>Built In Wi-Fi</td>\r\n   <td>\r\n   <ul>\r\n    <li>Yes</li>\r\n   </ul>\r\n   </td>\r\n  </tr>\r\n  <tr>\r\n   <td>3G Dongle Plug and Play</td>\r\n   <td>\r\n   <ul>\r\n    <li>Yes</li>\r\n   </ul>\r\n   </td>\r\n  </tr>\r\n  <tr>\r\n   <td>Ethernet (RJ45)</td>\r\n   <td>\r\n   <ul>\r\n    <li>1</li>\r\n   </ul>\r\n   </td>\r\n  </tr>\r\n  <tr>\r\n   <td>Other Internet Features</td>\r\n   <td>\r\n   <ul>\r\n    <li>Content Guide, Content partners like Netflix, Prime video, ZEE5 and many more, Personal computer, Live cast, App store, App lock, Child lock, Smart Hub</li>\r\n   </ul>\r\n   </td>\r\n  </tr>\r\n </tbody>\r\n</table>\r\n\r\n<h3>Connectivity Features</h3>\r\n\r\n<table border="1">\r\n <tbody>\r\n  <tr>\r\n   <td>HDMI</td>\r\n   <td>\r\n   <ul>\r\n    <li>2 Side</li>\r\n   </ul>\r\n   </td>\r\n  </tr>\r\n  <tr>\r\n   <td>USB</td>\r\n   <td>\r\n   <ul>\r\n    <li>1 Side</li>\r\n   </ul>\r\n   </td>\r\n  </tr>\r\n  <tr>\r\n   <td>NFC Support</td>\r\n   <td>\r\n   <ul>\r\n    <li>No</li>\r\n   </ul>\r\n   </td>\r\n  </tr>\r\n </tbody>\r\n</table>\r\n\r\n<h3>Video Features</h3>\r\n\r\n<table border="1">\r\n <tbody>\r\n  <tr>\r\n   <td>Picture Engine</td>\r\n   <td>\r\n   <ul>\r\n    <li>Hyper Real</li>\r\n   </ul>\r\n   </td>\r\n  </tr>\r\n  <tr>\r\n   <td>Digital Noise Filter</td>\r\n   <td>\r\n   <ul>\r\n    <li>Yes</li>\r\n   </ul>\r\n   </td>\r\n  </tr>\r\n  <tr>\r\n   <td>LED Display Type</td>\r\n   <td>\r\n   <ul>\r\n    <li>Direct</li>\r\n   </ul>\r\n   </td>\r\n  </tr>\r\n  <tr>\r\n   <td>Aspect Ratio</td>\r\n   <td>\r\n   <ul>\r\n    <li>16:09</li>\r\n   </ul>\r\n   </td>\r\n  </tr>\r\n  <tr>\r\n   <td>Refresh Rate</td>\r\n   <td>\r\n   <ul>\r\n    <li>50 Hz</li>\r\n   </ul>\r\n   </td>\r\n  </tr>\r\n  <tr>\r\n   <td>Other Video Features</td>\r\n   <td>\r\n   <ul>\r\n    <li>Mega Contrast, PurColor, Micro Dimming, Different Picture Modes - Dynamic, Standard, Natural, Movie</li>\r\n   </ul>\r\n   </td>\r\n  </tr>\r\n </tbody>\r\n</table>\r\n\r\n<h3>Smart Tv Features</h3>\r\n\r\n<table border="1">\r\n <tbody>\r\n  <tr>\r\n   <td>Number of Cores</td>\r\n   <td>\r\n   <ul>\r\n    <li>4</li>\r\n   </ul>\r\n   </td>\r\n  </tr>\r\n  <tr>\r\n   <td>Processor</td>\r\n   <td>\r\n   <ul>\r\n    <li>Quad-Core</li>\r\n   </ul>\r\n   </td>\r\n  </tr>\r\n  <tr>\r\n   <td>Graphic Processor</td>\r\n   <td>\r\n   <ul>\r\n    <li>Mali 400 MP4</li>\r\n   </ul>\r\n   </td>\r\n  </tr>\r\n  <tr>\r\n   <td>Ram Capacity</td>\r\n   <td>\r\n   <ul>\r\n    <li>1.25 GB</li>\r\n   </ul>\r\n   </td>\r\n  </tr>\r\n  <tr>\r\n   <td>Supported App - Netflix</td>\r\n   <td>\r\n   <ul>\r\n    <li>Yes</li>\r\n   </ul>\r\n   </td>\r\n  </tr>\r\n  <tr>\r\n   <td>Supported App - Youtube</td>\r\n   <td>\r\n   <ul>\r\n    <li>Yes</li>\r\n   </ul>\r\n   </td>\r\n  </tr>\r\n  <tr>\r\n   <td>Supported App - Hotstar</td>\r\n   <td>\r\n   <ul>\r\n    <li>Yes</li>\r\n   </ul>\r\n   </td>\r\n  </tr>\r\n  <tr>\r\n   <td>Supported App - Prime Video</td>\r\n   <td>\r\n   <ul>\r\n    <li>Yes</li>\r\n   </ul>\r\n   </td>\r\n  </tr>\r\n  <tr>\r\n   <td>Operating System</td>\r\n   <td>\r\n   <ul>\r\n    <li>Tizen</li>\r\n   </ul>\r\n   </td>\r\n  </tr>\r\n  <tr>\r\n   <td>Screen Mirroring</td>\r\n   <td>\r\n   <ul>\r\n    <li>Yes</li>\r\n   </ul>\r\n   </td>\r\n  </tr>\r\n </tbody>\r\n</table>\r\n\r\n<h3>Audio Features</h3>\r\n\r\n<table border="1">\r\n <tbody>\r\n  <tr>\r\n   <td>Number of Speakers</td>\r\n   <td>\r\n   <ul>\r\n    <li>2</li>\r\n   </ul>\r\n   </td>\r\n  </tr>\r\n  <tr>\r\n   <td>Speaker Type</td>\r\n   <td>\r\n   <ul>\r\n    <li>Stereo</li>\r\n   </ul>\r\n   </td>\r\n  </tr>\r\n  <tr>\r\n   <td>Sound Technology</td>\r\n   <td>\r\n   <ul>\r\n    <li>Dolby Digital Plus</li>\r\n   </ul>\r\n   </td>\r\n  </tr>\r\n  <tr>\r\n   <td>Surround Sound</td>\r\n   <td>\r\n   <ul>\r\n    <li>Stereo Sound</li>\r\n   </ul>\r\n   </td>\r\n  </tr>\r\n  <tr>\r\n   <td>Speaker Output RMS</td>\r\n   <td>\r\n   <ul>\r\n    <li>10 W</li>\r\n   </ul>\r\n   </td>\r\n  </tr>\r\n  <tr>\r\n   <td>Sound Mode</td>\r\n   <td>\r\n   <ul>\r\n    <li>Different sound modes - Amplify, Standard, Optimize</li>\r\n   </ul>\r\n   </td>\r\n  </tr>\r\n </tbody>\r\n</table>\r\n\r\n<h3>Power Features</h3>\r\n\r\n<table border="1">\r\n <tbody>\r\n  <tr>\r\n   <td>Power Requirement</td>\r\n   <td>\r\n   <ul>\r\n    <li>AC 100 - 240 V, 50/60 Hz</li>\r\n   </ul>\r\n   </td>\r\n  </tr>\r\n  <tr>\r\n   <td>Power Consumption</td>\r\n   <td>\r\n   <ul>\r\n    <li>48 W, 0.5 W (Standby)</li>\r\n   </ul>\r\n   </td>\r\n  </tr>\r\n </tbody>\r\n</table>\r\n\r\n<p>Dimensions</p>\r\n\r\n<table border="1">\r\n <tbody>\r\n  <tr>\r\n   <td>Width x Height x Depth (without stand)</td>\r\n   <td>\r\n   <ul>\r\n    <li>73.74 cm x 43.8 cm x 7.41 cm</li>\r\n   </ul>\r\n   </td>\r\n  </tr>\r\n  <tr>\r\n   <td>Weight (without stand)</td>\r\n   <td>\r\n   <ul>\r\n    <li>3.8 kg</li>\r\n   </ul>\r\n   </td>\r\n  </tr>\r\n  <tr>\r\n   <td>Width x Height x Depth (with stand)</td>\r\n   <td>\r\n   <ul>\r\n    <li>46.54 cm x 15.05 cm</li>\r\n   </ul>\r\n   </td>\r\n  </tr>\r\n  <tr>\r\n   <td>Weight (with stand)</td>\r\n   <td>\r\n   <ul>\r\n    <li>3.9 kg</li>\r\n   </ul>\r\n   </td>\r\n  </tr>\r\n  <tr>\r\n   <td>Stand Type</td>\r\n   <td>\r\n   <ul>\r\n    <li>Table Top</li>\r\n   </ul>\r\n   </td>\r\n  </tr>\r\n </tbody>\r\n</table>\r\n\r\n<h3>Warranty</h3>\r\n\r\n<table border="1">\r\n <tbody>\r\n  <tr>\r\n   <td>Warranty Summary</td>\r\n   <td>\r\n   <ul>\r\n    <li>1 Year Comprehensive and 1 Year Additional on Panel from Samsung</li>\r\n   </ul>\r\n   </td>\r\n  </tr>\r\n  <tr>\r\n   <td>Covered in Warranty</td>\r\n   <td>\r\n   <ul>\r\n    <li>Defect Arising Out of Faulty or Defective Material or Workmanship</li>\r\n   </ul>\r\n   </td>\r\n  </tr>\r\n  <tr>\r\n   <td>Not Covered in Warranty</td>\r\n   <td>\r\n   <ul>\r\n    <li>Warranty does not Cover Any External Accessories (Such as Battery, Cable, etc.). Damage Caused to the Product due to Improper Installation by Customer. Normal Wear and Tear to Magnetic Heads, Audio, Video, Laser Pick-ups and TV Picture Tubes, Panel Damages Caused to the Product by Accident, Lightening, Ingress of Water, Fire, Dropping or Excessive Shock. Any Damage Caused due to Tampering of the Product by an Unauthorized Agent, Liability for Loss of Data, Recorded Images or Business Opportunity Loss</li>\r\n   </ul>\r\n   </td>\r\n  </tr>\r\n  <tr>\r\n   <td>Warranty Service Type</td>\r\n   <td>\r\n   <ul>\r\n    <li>Technician Visit</li>\r\n   </ul>\r\n   </td>\r\n  </tr>\r\n </tbody>\r\n</table>\r\n\r\n<h3>Installation & Demo</h3>\r\n\r\n<table border="1">\r\n <tbody>\r\n  <tr>\r\n   <td>Installation & Demo Details</td>\r\n   <td>\r\n   <ul>\r\n    <li>We&#39;ll facilitate the installation and demo through authorized service engineer at your convenience.. The service engineer will install your new TV, either on wall mount or on table top. Installation and demo are provided free of cost. The engineer will also help you understand your new TV&#39;s features. The process generally covers: Wall-mounted or table-top installation, as requested. Physical check of all ports, including power and USB ports. Accessories also checked. Demonstration of features and settings. Quick run-through on how to operate the TV</li>\r\n   </ul>\r\n   </td>\r\n  </tr>\r\n </tbody>\r\n</table>\r\n', '09012020034711_15772.png', '09012020034711_157721.png', '', 315.1, 315.1, 0, 0, '', 'Black/000000', '', 0, 2, 0, '0', 0, 0, 0, 0, '0', 0, '1578565031', 1),
(30, 2, 3, 14, 0, 'Skinny Men Blue Jeans', 'skinny-men-blue-jeans', 'Lorem Ipsum is simply dummy text of the printing and typesetting industry. Lorem Ipsum has been the industry''s standard dummy text ever since the 1500s, when an unknown printer took a galley of type and scrambled it to make a type specimen book.', '<p><strong>Style Code: </strong>FMJN8371</p>\r\n\r\n<p><strong>Ideal For: </strong>Men</p>\r\n\r\n<p><strong>Suitable For: </strong>Western Wear</p>\r\n\r\n<p><strong>Pack Of: </strong>1</p>\r\n\r\n<p><strong>Reversible:</strong> No</p>\r\n\r\n<p><strong>Fabric: </strong>Pure Cotton</p>\r\n\r\n<p><strong>Faded: </strong>Heavy Fade</p>\r\n\r\n<p><strong>Rise: </strong>Mid Rise</p>\r\n\r\n<p><strong>Distressed: </strong>High Distress</p>\r\n\r\n<p><strong>Color: </strong>Blue</p>\r\n', '09012020041516_67337.png', '09012020041516_673371.png', '', 40.6, 40.6, 0, 0, '31', 'Blue/2497FF', '34,35,36', 0, 3, 0, '0', 0, 0, 0, 0, '0', 0, '1578566717', 1),
(31, 2, 3, 14, 0, 'Skinny Men Black Jeans', 'skinny-men-black-jeans', 'Lorem Ipsum is simply dummy text of the printing and typesetting industry. Lorem Ipsum has been the industry''s standard dummy text ever since the 1500s, when an unknown printer took a galley of type and scrambled it to make a type specimen book.', '<p><strong>Style Code: </strong>FMJN8371</p>\r\n\r\n<p><strong>Ideal For: </strong>Men</p>\r\n\r\n<p><strong>Suitable For: </strong>Western Wear</p>\r\n\r\n<p><strong>Pack Of: </strong>1</p>\r\n\r\n<p><strong>Reversible:</strong> No</p>\r\n\r\n<p><strong>Fabric: </strong>Pure Cotton</p>\r\n\r\n<p><strong>Faded: </strong>Heavy Fade</p>\r\n\r\n<p><strong>Rise: </strong>Mid Rise</p>\r\n\r\n<p><strong>Distressed: </strong>High Distress</p>\r\n\r\n<p><strong>Color: </strong>Black</p>\r\n', '09012020042505_19858.png', '09012020042505_198581.png', '', 40.6, 40.6, 0, 0, '30', 'Black/000000', '34,35,36', 0, 3, 0, '0', 0, 0, 0, 0, '0', 0, '1578567305', 1),
(32, 2, 3, 14, 0, 'Boyfriend Women Black Jeans', 'boyfriend-women-black-jeans', 'Lorem Ipsum is simply dummy text of the printing and typesetting industry. Lorem Ipsum has been the industry''s standard dummy text ever since the 1500s, when an unknown printer took a galley of type and scrambled it to make a type specimen book.', '<p><strong>Style Code: </strong>FWFLJN57</p>\r\n\r\n<p><strong>Ideal For: </strong>Women</p>\r\n\r\n<p><strong>Suitable For: </strong>Western Wear</p>\r\n\r\n<p><strong>Pack Of: </strong>1</p>\r\n\r\n<p><strong>Reversible:</strong> No</p>\r\n\r\n<p><strong>Fabric: </strong>Pure Cotton</p>\r\n\r\n<p><strong>Faded: </strong>Heavy Fade</p>\r\n\r\n<p><strong>Rise: </strong>Mid Rise</p>\r\n\r\n<p><strong>Distressed: </strong>High Distress</p>\r\n\r\n<p><strong>Color: </strong>Black</p>\r\n', '09012020043156_59802.png', '09012020043156_598021.png', '', 14.61, 14.61, 0, 0, '', 'Black/000000', '30,34,36', 0, 3, 0, '0', 0, 0, 0, 0, '0', 0, '1578567716', 1),
(33, 2, 2, 15, 0, 'Men Checkered Casual Spread Shirt', 'men-checkered-casual-spread-shirt', 'Lorem Ipsum is simply dummy text of the printing and typesetting industry. Lorem Ipsum has been the industry''s standard dummy text ever since the 1500s, when an unknown printer took a galley of type and scrambled it to make a type specimen book. It has survived not only five centuries, but also the leap into electronic typesetting, remaining essentially unchanged. It was popularised in the 1960s with the release of Letraset sheets containing Lorem Ipsum passages, and more recently with desktop publishing software like Aldus PageMaker including versions of Lorem Ipsum.', '<p><strong>Pack of: </strong>1</p>\r\n\r\n<p><strong>Style Code: </strong>USSHV0066</p>\r\n\r\n<p><strong>Closure: </strong>Button</p>\r\n\r\n<p><strong>Fit: </strong>Regular</p>\r\n\r\n<p><strong>Fabric: </strong>Pure Cotton</p>\r\n\r\n<p><strong>Sleeve: </strong>Full Sleeve</p>\r\n\r\n<p><strong>Pattern: </strong>Checkered</p>\r\n\r\n<p><strong>Reversible: </strong>No</p>\r\n\r\n<p><strong>Collar: </strong>Spread</p>\r\n\r\n<p><strong>Color:</strong> Blue</p>\r\n\r\n<p><strong>Fabric Care: </strong>Dry in shade, Do not tumble dry, Do not bleach, Gentle Machine Wash</p>\r\n\r\n<p><strong>Suitable For:</strong> Western Wear</p>\r\n\r\n<p><strong>Hem: </strong>Asymmetric</p>\r\n\r\n<p><strong>Pockets: </strong>1 Patch Pocket at Front</p>\r\n', '09012020043932_86109.png', '09012020043932_861091.png', '', 14.69, 14.69, 0, 0, '', 'Blue/26B5FF', 'S, M, L, XL, XXL', 0, 3, 0, '0', 0, 0, 0, 0, '0', 0, '1578568172', 1),
(34, 2, 2, 16, 1, 'Men Solid Casual Spread Shirt', 'men-solid-casual-spread-shirt', 'Lorem Ipsum is simply dummy text of the printing and typesetting industry. Lorem Ipsum has been the industry''s standard dummy text ever since the 1500s, when an unknown printer took a galley of type and scrambled it to make a type specimen book. It has survived not only five centuries, but also the leap into electronic typesetting, remaining essentially unchanged. It was popularised in the 1960s with the release of Letraset sheets containing Lorem Ipsum passages, and more recently with desktop publishing software like Aldus PageMaker including versions of Lorem Ipsum.', '<p><strong>Pack of: </strong>1</p>\r\n\r\n<p><strong>Style Code: </strong>GOB-00042</p>\r\n\r\n<p><strong>Fit: </strong>Slim</p>\r\n\r\n<p><strong>Fabric: </strong>Pure Cotton</p>\r\n\r\n<p><strong>Sleeve: </strong>Full Sleeve</p>\r\n\r\n<p><strong>Pattern: </strong>Solid</p>\r\n\r\n<p><strong>Reversible: </strong>No</p>\r\n\r\n<p><strong>Collar: </strong>Spread</p>\r\n', '09012020051411_41796.png', '09012020051411_417961.png', '', 13.99, 7, 6.99, 50, '35', 'Maroon/6A0D11', 'S,M,L,XL,XXL', 0, 5, 2, '0', 0, 0, 0, 0, '0', 0, '1578570251', 1),
(35, 2, 2, 16, 1, 'Men Solid Casual Spread Shirt In Black', 'men-solid-casual-spread-shirt-in-black', 'Lorem Ipsum is simply dummy text of the printing and typesetting industry. Lorem Ipsum has been the industry''s standard dummy text ever since the 1500s, when an unknown printer took a galley of type and scrambled it to make a type specimen book. It has survived not only five centuries, but also the leap into electronic typesetting, remaining essentially unchanged. It was popularised in the 1960s with the release of Letraset sheets containing Lorem Ipsum passages, and more recently with desktop publishing software like Aldus PageMaker including versions of Lorem Ipsum.', '<p><strong>Pack of: </strong>1</p>\r\n\r\n<p><strong>Style Code: </strong>GOB-00039</p>\r\n\r\n<p><strong>Fit: </strong>Slim</p>\r\n\r\n<p><strong>Fabric: </strong>Pure Cotton</p>\r\n\r\n<p><strong>Sleeve: </strong>Full Sleeve</p>\r\n\r\n<p><strong>Pattern: </strong>Solid</p>\r\n\r\n<p><strong>Reversible: </strong>No</p>\r\n\r\n<p><strong>Collar: </strong>Spread</p>\r\n\r\n<p><strong>Color:</strong> Black</p>\r\n\r\n<p><strong>Fabric Care: </strong>Regular Machine Wash</p>\r\n\r\n<p><strong>Suitable For: </strong>Western Wear</p>\r\n\r\n<p><strong>Other Details: </strong>Model is Wearing "M-Size" Shirt</p>\r\n', '10012020095305_7281.png', '10012020095305_72811.png', '', 13.99, 7, 6.99, 50, '34', 'Black/000000', 'S,M,L,XL,XXL', 0, 5, 2, '0', 0, 0, 0, 0, '0', 0, '1578630185', 1),
(36, 2, 2, 16, 1, 'Men Solid Casual Spread Shirt In Sky Blue', 'men-solid-casual-spread-shirt-in-sky-blue', 'Lorem Ipsum is simply dummy text of the printing and typesetting industry. Lorem Ipsum has been the industry''s standard dummy text ever since the 1500s, when an unknown printer took a galley of type and scrambled it to make a type specimen book. It has survived not only five centuries, but also the leap into electronic typesetting, remaining essentially unchanged. It was popularised in the 1960s with the release of Letraset sheets containing Lorem Ipsum passages, and more recently with desktop publishing software like Aldus PageMaker including versions of Lorem Ipsum.', '<p><strong>Pack of: </strong>1</p>\r\n\r\n<p><strong>Style Code: </strong>GOB-00039</p>\r\n\r\n<p><strong>Fit: </strong>Slim</p>\r\n\r\n<p><strong>Fabric: </strong>Pure Cotton</p>\r\n\r\n<p><strong>Sleeve: </strong>Full Sleeve</p>\r\n\r\n<p><strong>Pattern: </strong>Solid</p>\r\n\r\n<p><strong>Reversible: </strong>No</p>\r\n\r\n<p><strong>Collar: </strong>Spread</p>\r\n\r\n<p><strong>Color:</strong> Black</p>\r\n\r\n<p><strong>Fabric Care: </strong>Regular Machine Wash</p>\r\n\r\n<p><strong>Suitable For: </strong>Western Wear</p>\r\n\r\n<p><strong>Other Details: </strong>Model is Wearing "M-Size" Shirt</p>\r\n', '10012020095647_23026.png', '10012020095647_230261.png', '', 13.99, 7, 6.99, 50, '34,35', 'Sky Blue/78CFEA', 'S,M,L,XL,XXL', 0, 5, 2, '0', 0, 0, 0, 0, '0', 0, '1578630407', 1),
(37, 2, 2, 0, 0, 'Men Checkered Casual Button Down Shirt', 'men-checkered-casual-button-down-shirt', 'Lorem Ipsum is simply dummy text of the printing and typesetting industry. Lorem Ipsum has been the industry''s standard dummy text ever since the 1500s, when an unknown printer took a galley of type and scrambled it to make a type specimen book. It has survived not only five centuries, but also the leap into electronic typesetting, remaining essentially unchanged. It was popularised in the 1960s with the release of Letraset sheets containing Lorem Ipsum passages, and more recently with desktop publishing software like Aldus PageMaker including versions of Lorem Ipsum.', '<p><strong>Pack of: </strong>1</p>\r\n\r\n<p><strong>Style Code: </strong>AF-MN-INB-TBF-CTTN-CHK</p>\r\n\r\n<p><strong>Closure: </strong>Button</p>\r\n\r\n<p><strong>Fit: </strong>Slim</p>\r\n\r\n<p><strong>Fabric: </strong>Cotton Blend</p>\r\n\r\n<p><strong>Sleeve: </strong>Full Sleeve</p>\r\n\r\n<p><strong>Pattern: </strong>Checkered</p>\r\n\r\n<p><strong>Reversible: </strong>No</p>\r\n\r\n<p><strong>Collar: </strong>Button Down</p>\r\n\r\n<p><strong>Color: </strong>Dark Blue</p>\r\n\r\n<p><strong>Fabric Care: </strong>Regular Machine Wash</p>\r\n\r\n<p><strong>Suitable For: </strong>Western Wear</p>\r\n\r\n<p><strong>Hem: </strong>Curved</p>\r\n', '10012020100844_41250.png', '10012020100844_412501.png', '', 14.07, 14, 0, 0, '', 'Dark Blue/213F5C', 'S,M,L,XL', 0, 5, 2, '0', 0, 0, 0, 0, '0', 0, '1578631124', 1),
(38, 2, 3, 14, 1, 'Slim Men Blue Jeans', 'slim-men-blue-jeans', 'Lorem Ipsum is simply dummy text of the printing and typesetting industry. Lorem Ipsum has been the industry''s standard dummy text ever since the 1500s, when an unknown printer took a galley of type and scrambled it to make a type specimen book.', '<p><strong>Style Code: </strong>FMJNO0825</p>\r\n\r\n<p><strong>Ideal For: </strong>Men</p>\r\n\r\n<p><strong>Suitable For: </strong>Western Wear</p>\r\n\r\n<p><strong>Pack Of: </strong>1</p>\r\n\r\n<p><strong>Pocket Type: </strong>Patch Pocket, Coin Pocket, Curved Pocket</p>\r\n\r\n<p><strong>Pattern: </strong>Solid</p>\r\n\r\n<p><strong>Reversible: </strong>No</p>\r\n\r\n<p><strong>Closure: </strong>Button</p>\r\n\r\n<p><strong>Fabric: </strong>Cotton Blend</p>\r\n\r\n<p><strong>Faded: </strong>Light Fade</p>\r\n\r\n<p><strong>Rise: </strong>Mid Rise</p>\r\n\r\n<p><strong>Distressed: </strong>Clean Look</p>\r\n\r\n<p><strong>Color: </strong>Blue</p>\r\n\r\n<p><strong>Fly: </strong>Zipper</p>\r\n\r\n<p><strong>Secondary Color: </strong>Blue</p>\r\n\r\n<p><strong>Fabric Care: </strong>Do not Wring||Do not Dry Clean||Dry in Shade</p>\r\n', '10012020101913_5142.png', '10012020101913_51421.png', '23012020015528_71178_3_.jpg', 26.72, 13.36, 13.36, 50, '', 'Blue/3E5578', '30,32,34,36,38', 0, 5, 0, '0', 0, 0, 0, 0, '0', 0, '1578631753', 1);
INSERT INTO `tbl_gf_tbl_product` (`id`, `category_id`, `sub_category_id`, `brand_id`, `offer_id`, `product_title`, `product_slug`, `product_desc`, `product_features`, `featured_image`, `featured_image2`, `size_chart`, `product_mrp`, `selling_price`, `you_save_amt`, `you_save_per`, `other_color_product`, `color`, `product_size`, `product_quantity`, `max_unit_buy`, `delivery_charge`, `total_views`, `total_rate`, `rate_avg`, `is_featured`, `today_deal`, `today_deal_date`, `total_sale`, `created_at`, `status`) VALUES
(39, 1, 21, 1, 0, 'Mi LED Smart TV 4A PRO 80 cm (32) with Android', 'mi-led-smart-tv-4a-pro-80-cm-32-with-android', 'Bring home the Mi LED Smart TV 4A PRO and transform your movie-watching experience. This LED TV comes with an 80-cm (32) Ultra-bright HD-Ready Display, a 64-bit quad-core processor, and stereo speakers which provide a cinematic experience right in the comfort of your home. Also, with features such as PatchWall and Google Assistant, your TV-watching experience is made even more convenient.', '<h3>General</h3>\r\n\r\n<table border=\\>\r\n <tbody>\r\n  <tr>\r\n   <td>In The Box</td>\r\n   <td>\r\n   <ul>\r\n    <li>LED TV 1U, Manual 1U, Screws 4U, Remote Control 1U, Stand 1U</li>\r\n   </ul>\r\n   </td>\r\n  </tr>\r\n  <tr>\r\n   <td>Model Name</td>\r\n   <td>\r\n   <ul>\r\n    <li>L32M5-AL</li>\r\n   </ul>\r\n   </td>\r\n  </tr>\r\n  <tr>\r\n   <td>Color</td>\r\n   <td>\r\n   <ul>\r\n    <li>Black</li>\r\n   </ul>\r\n   </td>\r\n  </tr>\r\n  <tr>\r\n   <td>Display Size</td>\r\n   <td>\r\n   <ul>\r\n    <li>80 cm (32)</li>\r\n   </ul>\r\n   </td>\r\n  </tr>\r\n  <tr>\r\n   <td>Screen Type</td>\r\n   <td>\r\n   <ul>\r\n    <li>LED</li>\r\n   </ul>\r\n   </td>\r\n  </tr>\r\n  <tr>\r\n   <td>HD Technology & Resolution</td>\r\n   <td>\r\n   <ul>\r\n    <li>HD Ready, 1366 x 768</li>\r\n   </ul>\r\n   </td>\r\n  </tr>\r\n  <tr>\r\n   <td>3D</td>\r\n   <td>\r\n   <ul>\r\n    <li>No</li>\r\n   </ul>\r\n   </td>\r\n  </tr>\r\n  <tr>\r\n   <td>Smart TV</td>\r\n   <td>\r\n   <ul>\r\n    <li>Yes</li>\r\n   </ul>\r\n   </td>\r\n  </tr>\r\n  <tr>\r\n   <td>Curve TV</td>\r\n   <td>\r\n   <ul>\r\n    <li>No</li>\r\n   </ul>\r\n   </td>\r\n  </tr>\r\n  <tr>\r\n   <td>Series</td>\r\n   <td>\r\n   <ul>\r\n    <li>4A PRO</li>\r\n   </ul>\r\n   </td>\r\n  </tr>\r\n  <tr>\r\n   <td>Touchscreen</td>\r\n   <td>\r\n   <ul>\r\n    <li>No</li>\r\n   </ul>\r\n   </td>\r\n  </tr>\r\n  <tr>\r\n   <td>Motion Sensor</td>\r\n   <td>\r\n   <ul>\r\n    <li>No</li>\r\n   </ul>\r\n   </td>\r\n  </tr>\r\n  <tr>\r\n   <td>HDMI</td>\r\n   <td>\r\n   <ul>\r\n    <li>3</li>\r\n   </ul>\r\n   </td>\r\n  </tr>\r\n  <tr>\r\n   <td>USB</td>\r\n   <td>\r\n   <ul>\r\n    <li>2</li>\r\n   </ul>\r\n   </td>\r\n  </tr>\r\n  <tr>\r\n   <td>Wi-Fi Type</td>\r\n   <td>\r\n   <ul>\r\n    <li>802.11 b/g/n</li>\r\n   </ul>\r\n   </td>\r\n  </tr>\r\n  <tr>\r\n   <td>Built In Wi-Fi</td>\r\n   <td>\r\n   <ul>\r\n    <li>Yes</li>\r\n   </ul>\r\n   </td>\r\n  </tr>\r\n  <tr>\r\n   <td>Launch Year</td>\r\n   <td>\r\n   <ul>\r\n    <li>2019</li>\r\n   </ul>\r\n   </td>\r\n  </tr>\r\n </tbody>\r\n</table>\r\n\r\n<h3>Internet Features</h3>\r\n\r\n<table border=\\>\r\n <tbody>\r\n  <tr>\r\n   <td>Built In Wi-Fi</td>\r\n   <td>\r\n   <ul>\r\n    <li>Yes</li>\r\n   </ul>\r\n   </td>\r\n  </tr>\r\n  <tr>\r\n   <td>3G Dongle Plug and Play</td>\r\n   <td>\r\n   <ul>\r\n    <li>No</li>\r\n   </ul>\r\n   </td>\r\n  </tr>\r\n  <tr>\r\n   <td>Ethernet (RJ45)</td>\r\n   <td>\r\n   <ul>\r\n    <li>1</li>\r\n   </ul>\r\n   </td>\r\n  </tr>\r\n  <tr>\r\n   <td>Other Internet Features</td>\r\n   <td>\r\n   <ul>\r\n    <li>Android Oreo 8.1, Google Play Store, Chromecast Built-in, Play Movies, Google Assistant, File Manager, Media Player, TV Manager, TV Guide App, LIVE TV App, VP9 Profile 2, H.265, H264, 14 Content Partners</li>\r\n   </ul>\r\n   </td>\r\n  </tr>\r\n </tbody>\r\n</table>\r\n\r\n<h3>Connectivity Features</h3>\r\n\r\n<table border=\\>\r\n <tbody>\r\n  <tr>\r\n   <td>HDMI</td>\r\n   <td>\r\n   <ul>\r\n    <li>3 Side</li>\r\n   </ul>\r\n   </td>\r\n  </tr>\r\n  <tr>\r\n   <td>USB</td>\r\n   <td>\r\n   <ul>\r\n    <li>2 x Side</li>\r\n   </ul>\r\n   </td>\r\n  </tr>\r\n  <tr>\r\n   <td>Component In (RGB Cable)</td>\r\n   <td>\r\n   <ul>\r\n    <li>Yes</li>\r\n   </ul>\r\n   </td>\r\n  </tr>\r\n  <tr>\r\n   <td>Composite In (Audio Video Cable)</td>\r\n   <td>\r\n   <ul>\r\n    <li>Yes</li>\r\n   </ul>\r\n   </td>\r\n  </tr>\r\n  <tr>\r\n   <td>NFC Support</td>\r\n   <td>\r\n   <ul>\r\n    <li>No</li>\r\n   </ul>\r\n   </td>\r\n  </tr>\r\n  <tr>\r\n   <td>Headphone Jack</td>\r\n   <td>\r\n   <ul>\r\n    <li>Yes</li>\r\n   </ul>\r\n   </td>\r\n  </tr>\r\n  <tr>\r\n   <td>Analog Audio Input</td>\r\n   <td>\r\n   <ul>\r\n    <li>Yes</li>\r\n   </ul>\r\n   </td>\r\n  </tr>\r\n </tbody>\r\n</table>\r\n\r\n<h3>Video Features</h3>\r\n\r\n<table border=\\>\r\n <tbody>\r\n  <tr>\r\n   <td>Picture Engine</td>\r\n   <td>\r\n   <ul>\r\n    <li>Amlogic 7th Generation Imaging Engine</li>\r\n   </ul>\r\n   </td>\r\n  </tr>\r\n  <tr>\r\n   <td>Analog TV Reception</td>\r\n   <td>\r\n   <ul>\r\n    <li>Yes</li>\r\n   </ul>\r\n   </td>\r\n  </tr>\r\n  <tr>\r\n   <td>Digital TV Reception</td>\r\n   <td>\r\n   <ul>\r\n    <li>No</li>\r\n   </ul>\r\n   </td>\r\n  </tr>\r\n  <tr>\r\n   <td>View Angle</td>\r\n   <td>\r\n   <ul>\r\n    <li>178 degree</li>\r\n   </ul>\r\n   </td>\r\n  </tr>\r\n  <tr>\r\n   <td>Digital Noise Filter</td>\r\n   <td>\r\n   <ul>\r\n    <li>Yes</li>\r\n   </ul>\r\n   </td>\r\n  </tr>\r\n  <tr>\r\n   <td>LED Display Type</td>\r\n   <td>\r\n   <ul>\r\n    <li>Direct LED</li>\r\n   </ul>\r\n   </td>\r\n  </tr>\r\n  <tr>\r\n   <td>Aspect Ratio</td>\r\n   <td>\r\n   <ul>\r\n    <li>16:09</li>\r\n   </ul>\r\n   </td>\r\n  </tr>\r\n  <tr>\r\n   <td>Refresh Rate</td>\r\n   <td>\r\n   <ul>\r\n    <li>60 Hz</li>\r\n   </ul>\r\n   </td>\r\n  </tr>\r\n  <tr>\r\n   <td>Supported Video Formats</td>\r\n   <td>\r\n   <ul>\r\n    <li>H.265, H.264, Real, MPEG 1/2/4</li>\r\n   </ul>\r\n   </td>\r\n  </tr>\r\n  <tr>\r\n   <td>Other Video Features</td>\r\n   <td>\r\n   <ul>\r\n    <li>Dyanamic Noise reduction, Color Temperature Control, 5 Picture Mode (Standard, Movie, Vivid, Sport, Custom)</li>\r\n   </ul>\r\n   </td>\r\n  </tr>\r\n </tbody>\r\n</table>\r\n\r\n<h3>Smart Tv Features</h3>\r\n\r\n<table border=\\>\r\n <tbody>\r\n  <tr>\r\n   <td>Number of Cores</td>\r\n   <td>\r\n   <ul>\r\n    <li>4</li>\r\n   </ul>\r\n   </td>\r\n  </tr>\r\n  <tr>\r\n   <td>Processor</td>\r\n   <td>\r\n   <ul>\r\n    <li>Amlogic 64-bit Quad-core</li>\r\n   </ul>\r\n   </td>\r\n  </tr>\r\n  <tr>\r\n   <td>Graphic Processor</td>\r\n   <td>\r\n   <ul>\r\n    <li>Mali-450 MP3</li>\r\n   </ul>\r\n   </td>\r\n  </tr>\r\n  <tr>\r\n   <td>Ram Capacity</td>\r\n   <td>\r\n   <ul>\r\n    <li>1 GB</li>\r\n   </ul>\r\n   </td>\r\n  </tr>\r\n  <tr>\r\n   <td>Storage Memory</td>\r\n   <td>\r\n   <ul>\r\n    <li>8 GB</li>\r\n   </ul>\r\n   </td>\r\n  </tr>\r\n  <tr>\r\n   <td>Supported App - Netflix</td>\r\n   <td>\r\n   <ul>\r\n    <li>No</li>\r\n   </ul>\r\n   </td>\r\n  </tr>\r\n  <tr>\r\n   <td>Supported App - Youtube</td>\r\n   <td>\r\n   <ul>\r\n    <li>Yes</li>\r\n   </ul>\r\n   </td>\r\n  </tr>\r\n  <tr>\r\n   <td>Supported App - Hotstar</td>\r\n   <td>\r\n   <ul>\r\n    <li>Yes</li>\r\n   </ul>\r\n   </td>\r\n  </tr>\r\n  <tr>\r\n   <td>Supported App - Prime Video</td>\r\n   <td>\r\n   <ul>\r\n    <li>No</li>\r\n   </ul>\r\n   </td>\r\n  </tr>\r\n  <tr>\r\n   <td>Supported Mobile Operating System</td>\r\n   <td>\r\n   <ul>\r\n    <li>Android</li>\r\n    <li>iOS</li>\r\n   </ul>\r\n   </td>\r\n  </tr>\r\n  <tr>\r\n   <td>Operating System Present</td>\r\n   <td>\r\n   <ul>\r\n    <li>Yes</li>\r\n   </ul>\r\n   </td>\r\n  </tr>\r\n  <tr>\r\n   <td>Operating System</td>\r\n   <td>\r\n   <ul>\r\n    <li>Android</li>\r\n   </ul>\r\n   </td>\r\n  </tr>\r\n  <tr>\r\n   <td>Screen Mirroring</td>\r\n   <td>\r\n   <ul>\r\n    <li>Yes</li>\r\n   </ul>\r\n   </td>\r\n  </tr>\r\n  <tr>\r\n   <td>App Store Type</td>\r\n   <td>\r\n   <ul>\r\n    <li>Play Store</li>\r\n   </ul>\r\n   </td>\r\n  </tr>\r\n  <tr>\r\n   <td>Content Providers</td>\r\n   <td>\r\n   <ul>\r\n    <li>Hotstar, Voot, Sony Liv, Sun NXT, Zee5, Hungama Play, ALT Balaji, VIU, Play Store</li>\r\n   </ul>\r\n   </td>\r\n  </tr>\r\n  <tr>\r\n   <td>Content Languages</td>\r\n   <td>\r\n   <ul>\r\n    <li>Marathi, Gujarati, Sinhala, Kannada, Tamil, Rajasthani, Hindi, English, Punjabi, Telugu, Bengali, Urdu, Malayalam, Bhojpuri, Oriya</li>\r\n   </ul>\r\n   </td>\r\n  </tr>\r\n  <tr>\r\n   <td>System Languages</td>\r\n   <td>\r\n   <ul>\r\n    <li>Assamese, Marathi, Gujarati, Kannada, Tamil, English, Hindi, Punjabi, Bengali, Telugu, Urdu, Malayalam, Oriya</li>\r\n   </ul>\r\n   </td>\r\n  </tr>\r\n </tbody>\r\n</table>\r\n\r\n<h3>Audio Features</h3>\r\n\r\n<table border=\\>\r\n <tbody>\r\n  <tr>\r\n   <td>Number of Speakers</td>\r\n   <td>\r\n   <ul>\r\n    <li>2</li>\r\n   </ul>\r\n   </td>\r\n  </tr>\r\n  <tr>\r\n   <td>Speaker Type</td>\r\n   <td>\r\n   <ul>\r\n    <li>Stereo</li>\r\n   </ul>\r\n   </td>\r\n  </tr>\r\n  <tr>\r\n   <td>Sound Technology</td>\r\n   <td>\r\n   <ul>\r\n    <li>DTS-HD</li>\r\n   </ul>\r\n   </td>\r\n  </tr>\r\n  <tr>\r\n   <td>Surround Sound</td>\r\n   <td>\r\n   <ul>\r\n    <li>Stereo Sound</li>\r\n   </ul>\r\n   </td>\r\n  </tr>\r\n  <tr>\r\n   <td>Speaker Output RMS</td>\r\n   <td>\r\n   <ul>\r\n    <li>20 W</li>\r\n   </ul>\r\n   </td>\r\n  </tr>\r\n  <tr>\r\n   <td>Sound Mode</td>\r\n   <td>\r\n   <ul>\r\n    <li>Standard, News, Movie, Game, Custom</li>\r\n   </ul>\r\n   </td>\r\n  </tr>\r\n  <tr>\r\n   <td>Supported Audio Formats</td>\r\n   <td>\r\n   <ul>\r\n    <li>Stereo DTS</li>\r\n   </ul>\r\n   </td>\r\n  </tr>\r\n  <tr>\r\n   <td>Other Audio Features</td>\r\n   <td>\r\n   <ul>\r\n    <li>5 Equalizer - Standard, News, Movie, Game, Custom, 5 Band Equilizer</li>\r\n   </ul>\r\n   </td>\r\n  </tr>\r\n </tbody>\r\n</table>\r\n\r\n<h3>Convenience Features</h3>\r\n\r\n<table border=\\>\r\n <tbody>\r\n  <tr>\r\n   <td>Other Convenience Features</td>\r\n   <td>\r\n   <ul>\r\n    <li>3.5mm Jack, Bluetooth Version - 4.2, Ultra Bright HD Display, Google Voice Button in Remote, Technical Superiority with VP9-10 Codec for 4K Videos</li>\r\n   </ul>\r\n   </td>\r\n  </tr>\r\n </tbody>\r\n</table>\r\n\r\n<h3>Power Features</h3>\r\n\r\n<table border=\\>\r\n <tbody>\r\n  <tr>\r\n   <td>Power Requirement</td>\r\n   <td>\r\n   <ul>\r\n    <li>AC 100 - 240 V, 50/60 Hz</li>\r\n   </ul>\r\n   </td>\r\n  </tr>\r\n  <tr>\r\n   <td>Power Consumption</td>\r\n   <td>\r\n   <ul>\r\n    <li>50 W, 0.5 W (Standby)</li>\r\n   </ul>\r\n   </td>\r\n  </tr>\r\n </tbody>\r\n</table>\r\n\r\n<h3>Remote Control Features</h3>\r\n\r\n<table border=\\>\r\n <tbody>\r\n  <tr>\r\n   <td>Touch Remote</td>\r\n   <td>\r\n   <ul>\r\n    <li>No</li>\r\n   </ul>\r\n   </td>\r\n  </tr>\r\n  <tr>\r\n   <td>Smart Remote</td>\r\n   <td>\r\n   <ul>\r\n    <li>Yes</li>\r\n   </ul>\r\n   </td>\r\n  </tr>\r\n  <tr>\r\n   <td>RF Capable</td>\r\n   <td>\r\n   <ul>\r\n    <li>Yes</li>\r\n   </ul>\r\n   </td>\r\n  </tr>\r\n  <tr>\r\n   <td>IR Capable</td>\r\n   <td>\r\n   <ul>\r\n    <li>Yes</li>\r\n   </ul>\r\n   </td>\r\n  </tr>\r\n  <tr>\r\n   <td>Internet Access</td>\r\n   <td>\r\n   <ul>\r\n    <li>Yes</li>\r\n   </ul>\r\n   </td>\r\n  </tr>\r\n  <tr>\r\n   <td>Other Remote Control Features</td>\r\n   <td>\r\n   <ul>\r\n    <li>Voice search with Google Assistant</li>\r\n   </ul>\r\n   </td>\r\n  </tr>\r\n </tbody>\r\n</table>\r\n\r\n<h3>Additional Features</h3>\r\n\r\n<table border=\\>\r\n <tbody>\r\n  <tr>\r\n   <td>\r\n   <ul>\r\n    <li>Thin Bezels, 12 Button Bluetooth Remote, With Remote - Control TV, Set-top Box, Smart Home Device, Infinite Scrolling, Patchwall, 802.11 b/g/n (2.4 GHz), Universal Search, Cable TV Integration</li>\r\n   </ul>\r\n   </td>\r\n  </tr>\r\n </tbody>\r\n</table>\r\n\r\n<h3>Dimensions</h3>\r\n\r\n<table border=\\>\r\n <tbody>\r\n  <tr>\r\n   <td>Width x Height x Depth (without stand)</td>\r\n   <td>\r\n   <ul>\r\n    <li>733 mm x 435 mm x 80 mm</li>\r\n   </ul>\r\n   </td>\r\n  </tr>\r\n  <tr>\r\n   <td>Weight (without stand)</td>\r\n   <td>\r\n   <ul>\r\n    <li>3.855 kg</li>\r\n   </ul>\r\n   </td>\r\n  </tr>\r\n  <tr>\r\n   <td>Width x Height x Depth (with stand)</td>\r\n   <td>\r\n   <ul>\r\n    <li>733 mm x 479 mm x 180 mm</li>\r\n   </ul>\r\n   </td>\r\n  </tr>\r\n  <tr>\r\n   <td>Weight (with stand)</td>\r\n   <td>\r\n   <ul>\r\n    <li>3.9 kg</li>\r\n   </ul>\r\n   </td>\r\n  </tr>\r\n  <tr>\r\n   <td>Stand Type</td>\r\n   <td>\r\n   <ul>\r\n    <li>Table Top</li>\r\n   </ul>\r\n   </td>\r\n  </tr>\r\n </tbody>\r\n</table>\r\n\r\n<h3>Warranty</h3>\r\n\r\n<table border=\\>\r\n <tbody>\r\n  <tr>\r\n   <td>Warranty Summary</td>\r\n   <td>\r\n   <ul>\r\n    <li>1 Year Warranty on Product and Additional 1 Year Warranty on Panel</li>\r\n   </ul>\r\n   </td>\r\n  </tr>\r\n  <tr>\r\n   <td>Covered in Warranty</td>\r\n   <td>\r\n   <ul>\r\n    <li>Defect Arising Out of Faulty or Defective Material or Workmanship. Parts and Labour Costs are Covered</li>\r\n   </ul>\r\n   </td>\r\n  </tr>\r\n  <tr>\r\n   <td>Not Covered in Warranty</td>\r\n   <td>\r\n   <ul>\r\n    <li>Physical Damages after Usage, Scratches on Panel</li>\r\n   </ul>\r\n   </td>\r\n  </tr>\r\n  <tr>\r\n   <td>Warranty Service Type</td>\r\n   <td>\r\n   <ul>\r\n    <li>On-site</li>\r\n   </ul>\r\n   </td>\r\n  </tr>\r\n </tbody>\r\n</table>\r\n\r\n<h3>Installation & Demo</h3>\r\n\r\n<table border=\\>\r\n <tbody>\r\n  <tr>\r\n   <td>Installation & Demo Details</td>\r\n   <td>\r\n   <ul>\r\n    <li>Please note that any unauthorized handling or self-installation of the product will lead to return & product warranty being void</li>\r\n    <li>Installation will be free of cost only if done within 15 days of delivery</li>\r\n    <li>Flipkart will facilitate Installation & Demo at time of your convenience from an brand authorized service engineer</li>\r\n    <li>Customer will have to pay Rs 500 (Applicable Tax Extra) if the installation is requested post 15 days of delivery</li>\r\n    <li>The authorized service engineer will be providing detailed demo that includes</li>\r\n    <li>The service engineer will install your new TV, either on wall mount or on table top. The wall mount is not provided free of cost and is chargeable to the customer. The cost of wall mount is Rs. 399 (inclusive of applicable taxes) and will be available with service engineer for purchase</li>\r\n    <li>a. Physical check of all ports, including power and USB ports. b. Checking also of accessories c. Understanding your new TV&#39;s features with complete demonstration of features and settings d. Quick run-through on how to operate the TV e. Preventive maintenance action to be taken</li>\r\n    <li>Flipkart will communicate the day and time slot of the scheduled Installation & Demo through a SMS</li>\r\n    <li>The Installation & First Demo service will be provided free of cost. All additional accessories not part of the the package will be charged separately</li>\r\n   </ul>\r\n   </td>\r\n  </tr>\r\n </tbody>\r\n</table>\r\n', '10012020104042_23146.png', '10012020104042_231461.png', '', 175.84, 175.84, 0, 0, '', 'Black/000000', '', 0, 2, 0, '0', 0, 0, 0, 0, '0', 0, '1578633042', 1),
(41, 1, 21, 7, 0, 'Sony Bravia R202F 80cm (32 inch) HD Ready LED TV  (KLV-32R202F)', 'sony-bravia-r202f-80cm-32-inch-hd-ready-led-tv-klv-32r202f', 'After a tiring day, unwind by enjoying your favourite action flicks and romcoms on this Sony TV. Watch visuals come to life on its 80 cm display. You can use the Photoframe mode to watch your cherished pictures on the big screen.\r\n\r\nSplendid Detail, Fine Texture\r\nEnjoy exquisite rock formations and natural textures in stunning clarity. This TV reduces image noise and improves contrast for added depth, detail and realism.\r\n\r\nThe Bigger, The Better\r\nSet your TV on Photoframe mode and watch a rotating gallery of your favourite photos on the big screen.\r\n\r\nPlayback Via USB\r\nUse the USB stick to play music, watch video clips and view photos on the big screen.\r\n\r\nStay Entertained\r\nTune into your favourite FM channel and enjoy the latest numbers.\r\n\r\nFeel at Home\r\nChoose from a wide variety of multi-Indian regional languages from BRAVIA''s new on-screen interface. You just have to choose the preferred language and the TV will communicate in the same language.', '<h3>General</h3>\r\n\r\n<table border=\\>\r\n <tbody>\r\n  <tr>\r\n   <td>In The Box</td>\r\n   <td>\r\n   <ul>\r\n    <li>Remote Control(1 U)</li>\r\n    <li>1 U (Unit) [Including - Warranty Card (1 U)</li>\r\n    <li>AC Adapter(1 U)</li>\r\n    <li>Batteries(2 U)</li>\r\n    <li>AC Power Cord(1 U)</li>\r\n    <li>Instruction Manual(1 U)]</li>\r\n    <li>Table-Top Stand(1 U)</li>\r\n   </ul>\r\n   </td>\r\n  </tr>\r\n  <tr>\r\n   <td>Model Name</td>\r\n   <td>\r\n   <ul>\r\n    <li>KLV-32R202F</li>\r\n   </ul>\r\n   </td>\r\n  </tr>\r\n  <tr>\r\n   <td>Display Size</td>\r\n   <td>\r\n   <ul>\r\n    <li>80 cm (32)</li>\r\n   </ul>\r\n   </td>\r\n  </tr>\r\n  <tr>\r\n   <td>Screen Type</td>\r\n   <td>\r\n   <ul>\r\n    <li>LED</li>\r\n   </ul>\r\n   </td>\r\n  </tr>\r\n  <tr>\r\n   <td>HD Technology & Resolution</td>\r\n   <td>\r\n   <ul>\r\n    <li>HD Ready, 1366 x 768</li>\r\n   </ul>\r\n   </td>\r\n  </tr>\r\n  <tr>\r\n   <td>3D</td>\r\n   <td>\r\n   <ul>\r\n    <li>No</li>\r\n   </ul>\r\n   </td>\r\n  </tr>\r\n  <tr>\r\n   <td>Smart TV</td>\r\n   <td>\r\n   <ul>\r\n    <li>No</li>\r\n   </ul>\r\n   </td>\r\n  </tr>\r\n  <tr>\r\n   <td>Curve TV</td>\r\n   <td>\r\n   <ul>\r\n    <li>No</li>\r\n   </ul>\r\n   </td>\r\n  </tr>\r\n  <tr>\r\n   <td>Series</td>\r\n   <td>\r\n   <ul>\r\n    <li>Bravia R202F</li>\r\n   </ul>\r\n   </td>\r\n  </tr>\r\n  <tr>\r\n   <td>Touchscreen</td>\r\n   <td>\r\n   <ul>\r\n    <li>No</li>\r\n   </ul>\r\n   </td>\r\n  </tr>\r\n  <tr>\r\n   <td>Motion Sensor</td>\r\n   <td>\r\n   <ul>\r\n    <li>No</li>\r\n   </ul>\r\n   </td>\r\n  </tr>\r\n  <tr>\r\n   <td>HDMI</td>\r\n   <td>\r\n   <ul>\r\n    <li>2</li>\r\n   </ul>\r\n   </td>\r\n  </tr>\r\n  <tr>\r\n   <td>USB</td>\r\n   <td>\r\n   <ul>\r\n    <li>1</li>\r\n   </ul>\r\n   </td>\r\n  </tr>\r\n  <tr>\r\n   <td>Built In Wi-Fi</td>\r\n   <td>\r\n   <ul>\r\n    <li>No</li>\r\n   </ul>\r\n   </td>\r\n  </tr>\r\n  <tr>\r\n   <td>Launch Year</td>\r\n   <td>\r\n   <ul>\r\n    <li>2018</li>\r\n   </ul>\r\n   </td>\r\n  </tr>\r\n </tbody>\r\n</table>\r\n\r\n<h3>Internet Features</h3>\r\n\r\n<table border=\\>\r\n <tbody>\r\n  <tr>\r\n   <td>Built In Wi-Fi</td>\r\n   <td>\r\n   <ul>\r\n    <li>No</li>\r\n   </ul>\r\n   </td>\r\n  </tr>\r\n  <tr>\r\n   <td>3G Dongle Plug and Play</td>\r\n   <td>\r\n   <ul>\r\n    <li>No</li>\r\n   </ul>\r\n   </td>\r\n  </tr>\r\n </tbody>\r\n</table>\r\n\r\n<h3>Connectivity Features</h3>\r\n\r\n<table border=\\>\r\n <tbody>\r\n  <tr>\r\n   <td>HDMI</td>\r\n   <td>\r\n   <ul>\r\n    <li>2 Side</li>\r\n   </ul>\r\n   </td>\r\n  </tr>\r\n  <tr>\r\n   <td>USB</td>\r\n   <td>\r\n   <ul>\r\n    <li>1 Side</li>\r\n   </ul>\r\n   </td>\r\n  </tr>\r\n </tbody>\r\n</table>\r\n\r\n<h3>Video Features</h3>\r\n\r\n<table border=\\>\r\n <tbody>\r\n  <tr>\r\n   <td>LED Display Type</td>\r\n   <td>\r\n   <ul>\r\n    <li>Direct LED</li>\r\n   </ul>\r\n   </td>\r\n  </tr>\r\n  <tr>\r\n   <td>Refresh Rate</td>\r\n   <td>\r\n   <ul>\r\n    <li>50 Hz</li>\r\n   </ul>\r\n   </td>\r\n  </tr>\r\n </tbody>\r\n</table>\r\n\r\n<h3>Smart Tv Features</h3>\r\n\r\n<table border=\\>\r\n <tbody>\r\n  <tr>\r\n   <td>Supported App - Netflix</td>\r\n   <td>\r\n   <ul>\r\n    <li>No</li>\r\n   </ul>\r\n   </td>\r\n  </tr>\r\n  <tr>\r\n   <td>Supported App - Youtube</td>\r\n   <td>\r\n   <ul>\r\n    <li>No</li>\r\n   </ul>\r\n   </td>\r\n  </tr>\r\n  <tr>\r\n   <td>Supported App - Hotstar</td>\r\n   <td>\r\n   <ul>\r\n    <li>No</li>\r\n   </ul>\r\n   </td>\r\n  </tr>\r\n </tbody>\r\n</table>\r\n\r\n<h3>Audio Features</h3>\r\n\r\n<table border=\\>\r\n <tbody>\r\n  <tr>\r\n   <td>Number of Speakers</td>\r\n   <td>\r\n   <ul>\r\n    <li>2</li>\r\n   </ul>\r\n   </td>\r\n  </tr>\r\n  <tr>\r\n   <td>Speaker Output RMS</td>\r\n   <td>\r\n   <ul>\r\n    <li>20 W</li>\r\n   </ul>\r\n   </td>\r\n  </tr>\r\n </tbody>\r\n</table>\r\n\r\n<h3>Power Features</h3>\r\n\r\n<table border=\\>\r\n <tbody>\r\n  <tr>\r\n   <td>Power Requirement</td>\r\n   <td>\r\n   <ul>\r\n    <li>AC 110 - 240 V, 50/60 Hz</li>\r\n   </ul>\r\n   </td>\r\n  </tr>\r\n  <tr>\r\n   <td>Power Consumption</td>\r\n   <td>\r\n   <ul>\r\n    <li>47 W, 0.5 W (Standby)</li>\r\n   </ul>\r\n   </td>\r\n  </tr>\r\n </tbody>\r\n</table>\r\n\r\n<h3>Remote Control Features</h3>\r\n\r\n<table border=\\>\r\n <tbody>\r\n  <tr>\r\n   <td>Touch Remote</td>\r\n   <td>\r\n   <ul>\r\n    <li>No</li>\r\n   </ul>\r\n   </td>\r\n  </tr>\r\n </tbody>\r\n</table>\r\n\r\n<h3>Dimensions</h3>\r\n\r\n<table border=\\>\r\n <tbody>\r\n  <tr>\r\n   <td>Width x Height x Depth (without stand)</td>\r\n   <td>\r\n   <ul>\r\n    <li>729.28 mm x 73 mm</li>\r\n   </ul>\r\n   </td>\r\n  </tr>\r\n </tbody>\r\n</table>\r\n\r\n<h3>Warranty</h3>\r\n\r\n<table border=\\>\r\n <tbody>\r\n  <tr>\r\n   <td>Warranty Summary</td>\r\n   <td>\r\n   <ul>\r\n    <li>1 Year Manufacturer Warranty</li>\r\n   </ul>\r\n   </td>\r\n  </tr>\r\n  <tr>\r\n   <td>Covered in Warranty</td>\r\n   <td>\r\n   <ul>\r\n    <li>Warranty of the Product is Limited to Manufacturing Defects Only</li>\r\n   </ul>\r\n   </td>\r\n  </tr>\r\n  <tr>\r\n   <td>Not Covered in Warranty</td>\r\n   <td>\r\n   <ul>\r\n    <li>Warranty Does Not Cover Any External Accessories (Such as Battery, Cable, Carrying Bag), Damage Caused to the Product Due to Improper Installation by Customer, Normal Wear and Tear to Magnetic Heads, Audio, Video, Laser Pick-ups and TV Picture Tubes, Panel, Damages Caused to the Product by Accident, Lightening, Ingress of Water, Fire, Dropping or Excessive Shock, Any Damage Caused Due to Tampering of the Product by an Unauthorized Agent, Liability for Loss of Data, Recorded Images or Business Opportunity Loss.</li>\r\n   </ul>\r\n   </td>\r\n  </tr>\r\n  <tr>\r\n   <td>Warranty Service Type</td>\r\n   <td>\r\n   <ul>\r\n    <li>Offsite Service</li>\r\n   </ul>\r\n   </td>\r\n  </tr>\r\n </tbody>\r\n</table>\r\n\r\n<h3>Installation & Demo</h3>\r\n\r\n<table border=\\>\r\n <tbody>\r\n  <tr>\r\n   <td>Installation & Demo Details</td>\r\n   <td>\r\n   <ul>\r\n    <li>We&#39;ll facilitate the installation and demo through authorized service engineer at your convenience.. The service engineer will install your new TV, either on wall mount or on table top. Installation and demo are provided free of cost. The engineer will also help you understand your new TV&#39;s features. The process generally covers: Wall-mounted or table-top installation, as requested. Physical check of all ports, including power and USB ports. Accessories also checked. Demonstration of features and settings. Quick run-through on how to operate the TV.</li>\r\n    <li>Please note that any unauthorized handling or self-installation of the product will lead to return & product warranty being void</li>\r\n   </ul>\r\n   </td>\r\n  </tr>\r\n </tbody>\r\n</table>\r\n', '10012020112559_28160.png', '10012020112559_281601.png', '', 239.15, 239.15, 0, 0, '', 'Black/000000', '', 0, 2, 0, '0', 0, 0, 0, 0, '0', 0, '1578635759', 1),
(42, 1, 21, 7, 0, 'Sony Bravia W622F 80cm (32 inch) HD Ready LED Smart TV  (KLV-32W622F)', 'sony-bravia-w622f-80cm-32-inch-hd-ready-led-smart-tv-klv-32w622f', 'Romantic flicks or action thrillers - watch all that you like in stunning clarity on this Sony HD Ready TV. While the X-Reality PRO picture-processing technology upscales every pixel to offer immersive visuals, the built-in subwoofer enhances your aural experience.\r\n\r\nEvery Detail Comes to Life:\r\nThe X-Reality PRO picture-processing technology delivers exceptional clarity by upscaling every pixel. It matches each scene during the analysis of frames with Sony''s special image database to refine images and reduce noise.\r\n\r\nEnjoy Thrilling Entertainment:\r\nEnjoy your favourite games and movies in vividly detailed HDR. It supports myriad HDR formats, such as HDR10 and Hybrid Log-Gamma.\r\n\r\nInstant YouTube:\r\nThe remote comes with a YouTube button to let you conveniently access YouTube whenever you want.\r\n\r\nDeep Bass:\r\nA built-in subwoofer delivers deep bass riffs, soaring vocals and powerful soundtracks to make you feel right in the middle of the action, when you''re watching movies and concerts.\r\n\r\nImmersive Audio:\r\nEnjoy your favourite numbers and hear dialogues in stunning clarity. The ClearAudio+ fine tunes TV sound to take your audio experience to the next level.\r\n\r\nGet Smarter:\r\nVideos, photos and music - enjoy all that you love on the big screen by easily sharing them through your smartphone, thanks to the Smart Plug and Play feature.\r\n\r\nTough:\r\nDust, humidity, power surges or even lightning strokes - this robust TV with X-Protection PRO is built to endure anything and everything.\r\n\r\nStay Focused:\r\nEdged in a narrow aluminium-effect frame, this TV boasts an elegant design. The wires remain secured and hidden at the front to keep you focused on the screen.', '<h3>General</h3>\r\n\r\n<table border=\\>\r\n <tbody>\r\n  <tr>\r\n   <td>In The Box</td>\r\n   <td>\r\n   <ul>\r\n    <li>1U (Unit) [Including - Warranty Card, AC Adapter, AC Power Cord, Remote Control, Table-Top Stand, User Manual - 1U each Batterier-2U]</li>\r\n   </ul>\r\n   </td>\r\n  </tr>\r\n  <tr>\r\n   <td>Model Name</td>\r\n   <td>\r\n   <ul>\r\n    <li>KLV-32W622F</li>\r\n   </ul>\r\n   </td>\r\n  </tr>\r\n  <tr>\r\n   <td>Display Size</td>\r\n   <td>\r\n   <ul>\r\n    <li>80 cm (32)</li>\r\n   </ul>\r\n   </td>\r\n  </tr>\r\n  <tr>\r\n   <td>Screen Type</td>\r\n   <td>\r\n   <ul>\r\n    <li>LED</li>\r\n   </ul>\r\n   </td>\r\n  </tr>\r\n  <tr>\r\n   <td>HD Technology & Resolution</td>\r\n   <td>\r\n   <ul>\r\n    <li>HD Ready, 1366 x 768</li>\r\n   </ul>\r\n   </td>\r\n  </tr>\r\n  <tr>\r\n   <td>3D</td>\r\n   <td>\r\n   <ul>\r\n    <li>No</li>\r\n   </ul>\r\n   </td>\r\n  </tr>\r\n  <tr>\r\n   <td>Smart TV</td>\r\n   <td>\r\n   <ul>\r\n    <li>Yes</li>\r\n   </ul>\r\n   </td>\r\n  </tr>\r\n  <tr>\r\n   <td>Curve TV</td>\r\n   <td>\r\n   <ul>\r\n    <li>No</li>\r\n   </ul>\r\n   </td>\r\n  </tr>\r\n  <tr>\r\n   <td>Series</td>\r\n   <td>\r\n   <ul>\r\n    <li>Bravia W622F</li>\r\n   </ul>\r\n   </td>\r\n  </tr>\r\n  <tr>\r\n   <td>Touchscreen</td>\r\n   <td>\r\n   <ul>\r\n    <li>No</li>\r\n   </ul>\r\n   </td>\r\n  </tr>\r\n  <tr>\r\n   <td>Motion Sensor</td>\r\n   <td>\r\n   <ul>\r\n    <li>No</li>\r\n   </ul>\r\n   </td>\r\n  </tr>\r\n  <tr>\r\n   <td>HDMI</td>\r\n   <td>\r\n   <ul>\r\n    <li>2</li>\r\n   </ul>\r\n   </td>\r\n  </tr>\r\n  <tr>\r\n   <td>USB</td>\r\n   <td>\r\n   <ul>\r\n    <li>2</li>\r\n   </ul>\r\n   </td>\r\n  </tr>\r\n  <tr>\r\n   <td>Built In Wi-Fi</td>\r\n   <td>\r\n   <ul>\r\n    <li>Yes</li>\r\n   </ul>\r\n   </td>\r\n  </tr>\r\n  <tr>\r\n   <td>Launch Year</td>\r\n   <td>\r\n   <ul>\r\n    <li>2018</li>\r\n   </ul>\r\n   </td>\r\n  </tr>\r\n </tbody>\r\n</table>\r\n\r\n<h3>Internet Features</h3>\r\n\r\n<table border=\\>\r\n <tbody>\r\n  <tr>\r\n   <td>Built In Wi-Fi</td>\r\n   <td>\r\n   <ul>\r\n    <li>Yes</li>\r\n   </ul>\r\n   </td>\r\n  </tr>\r\n  <tr>\r\n   <td>3G Dongle Plug and Play</td>\r\n   <td>\r\n   <ul>\r\n    <li>Yes</li>\r\n   </ul>\r\n   </td>\r\n  </tr>\r\n  <tr>\r\n   <td>Ethernet (RJ45)</td>\r\n   <td>\r\n   <ul>\r\n    <li>1</li>\r\n   </ul>\r\n   </td>\r\n  </tr>\r\n </tbody>\r\n</table>\r\n\r\n<h3>Connectivity Features</h3>\r\n\r\n<table border=\\>\r\n <tbody>\r\n  <tr>\r\n   <td>HDMI</td>\r\n   <td>\r\n   <ul>\r\n    <li>2 Side</li>\r\n   </ul>\r\n   </td>\r\n  </tr>\r\n  <tr>\r\n   <td>USB</td>\r\n   <td>\r\n   <ul>\r\n    <li>2 Side</li>\r\n   </ul>\r\n   </td>\r\n  </tr>\r\n </tbody>\r\n</table>\r\n\r\n<h3>Video Features</h3>\r\n\r\n<table border=\\>\r\n <tbody>\r\n  <tr>\r\n   <td>LED Display Type</td>\r\n   <td>\r\n   <ul>\r\n    <li>Edge LED</li>\r\n   </ul>\r\n   </td>\r\n  </tr>\r\n  <tr>\r\n   <td>Refresh Rate</td>\r\n   <td>\r\n   <ul>\r\n    <li>50 Hz</li>\r\n   </ul>\r\n   </td>\r\n  </tr>\r\n </tbody>\r\n</table>\r\n\r\n<h3>Smart Tv Features</h3>\r\n\r\n<table border=\\>\r\n <tbody>\r\n  <tr>\r\n   <td>Supported App - Netflix</td>\r\n   <td>\r\n   <ul>\r\n    <li>Yes</li>\r\n   </ul>\r\n   </td>\r\n  </tr>\r\n  <tr>\r\n   <td>Supported App - Youtube</td>\r\n   <td>\r\n   <ul>\r\n    <li>Yes</li>\r\n   </ul>\r\n   </td>\r\n  </tr>\r\n  <tr>\r\n   <td>Supported App - Hotstar</td>\r\n   <td>\r\n   <ul>\r\n    <li>No</li>\r\n   </ul>\r\n   </td>\r\n  </tr>\r\n  <tr>\r\n   <td>Supported App - Prime Video</td>\r\n   <td>\r\n   <ul>\r\n    <li>Yes</li>\r\n   </ul>\r\n   </td>\r\n  </tr>\r\n  <tr>\r\n   <td>Operating System</td>\r\n   <td>\r\n   <ul>\r\n    <li>Linux based</li>\r\n   </ul>\r\n   </td>\r\n  </tr>\r\n  <tr>\r\n   <td>Screen Mirroring</td>\r\n   <td>\r\n   <ul>\r\n    <li>Yes</li>\r\n   </ul>\r\n   </td>\r\n  </tr>\r\n </tbody>\r\n</table>\r\n\r\n<h3>Audio Features</h3>\r\n\r\n<table border=\\>\r\n <tbody>\r\n  <tr>\r\n   <td>Number of Speakers</td>\r\n   <td>\r\n   <ul>\r\n    <li>3</li>\r\n   </ul>\r\n   </td>\r\n  </tr>\r\n  <tr>\r\n   <td>Speaker Output RMS</td>\r\n   <td>\r\n   <ul>\r\n    <li>30 W</li>\r\n   </ul>\r\n   </td>\r\n  </tr>\r\n </tbody>\r\n</table>\r\n\r\n<h3>Power Features</h3>\r\n\r\n<table border=\\>\r\n <tbody>\r\n  <tr>\r\n   <td>\r\n   <h3>Power Requirement</h3>\r\n   </td>\r\n   <td>\r\n   <ul>\r\n    <li>AC 100 - 240 V, 50/60 Hz</li>\r\n   </ul>\r\n   </td>\r\n  </tr>\r\n  <tr>\r\n   <td>Power Consumption</td>\r\n   <td>\r\n   <ul>\r\n    <li>69 W, 0.5 W (Standby)</li>\r\n   </ul>\r\n   </td>\r\n  </tr>\r\n </tbody>\r\n</table>\r\n\r\n<h3>Remote Control Features</h3>\r\n\r\n<table border=\\>\r\n <tbody>\r\n  <tr>\r\n   <td>Touch Remote</td>\r\n   <td>\r\n   <ul>\r\n    <li>No</li>\r\n   </ul>\r\n   </td>\r\n  </tr>\r\n </tbody>\r\n</table>\r\n\r\n<h3>Dimensions</h3>\r\n\r\n<table border=\\>\r\n <tbody>\r\n  <tr>\r\n   <td>Width x Height x Depth (without stand)</td>\r\n   <td>\r\n   <ul>\r\n    <li>731 mm x 70 mm</li>\r\n   </ul>\r\n   </td>\r\n  </tr>\r\n </tbody>\r\n</table>\r\n\r\n<h3>Warranty</h3>\r\n\r\n<table border=\\>\r\n <tbody>\r\n  <tr>\r\n   <td>Warranty Summary</td>\r\n   <td>\r\n   <ul>\r\n    <li>1 Year Manufacturer Warranty</li>\r\n   </ul>\r\n   </td>\r\n  </tr>\r\n  <tr>\r\n   <td>Covered in Warranty</td>\r\n   <td>\r\n   <ul>\r\n    <li>Warranty of the Product is Limited to Manufacturing Defects Only</li>\r\n   </ul>\r\n   </td>\r\n  </tr>\r\n  <tr>\r\n   <td>Not Covered in Warranty</td>\r\n   <td>\r\n   <ul>\r\n    <li>Warranty Does Not Cover Any External Accessories (Such as Battery, Cable, Carrying Bag), Damage Caused to the Product Due to Improper Installation by Customer, Normal Wear and Tear to Magnetic Heads, Audio, Video, Laser Pick-ups and TV Picture Tubes, Panel, Damages Caused to the Product by Accident, Lightening, Ingress of Water, Fire, Dropping or Excessive Shock, Any Damage Caused Due to Tampering of the Product by an Unauthorized Agent, Liability for Loss of Data, Recorded Images or Business Opportunity Loss.</li>\r\n   </ul>\r\n   </td>\r\n  </tr>\r\n  <tr>\r\n   <td>Warranty Service Type</td>\r\n   <td>\r\n   <ul>\r\n    <li>Offsite Service</li>\r\n   </ul>\r\n   </td>\r\n  </tr>\r\n </tbody>\r\n</table>\r\n\r\n<h3>Installation & Demo</h3>\r\n\r\n<table border=\\>\r\n <tbody>\r\n  <tr>\r\n   <td>Installation & Demo Details</td>\r\n   <td>\r\n   <ul>\r\n    <li>We&#39;ll facilitate the installation and demo through authorized service engineer at your convenience.. The service engineer will install your new TV, either on wall mount or on table top. Installation and demo are provided free of cost. The engineer will also help you understand your new TV&#39;s features. The process generally covers: Wall-mounted or table-top installation, as requested. Physical check of all ports, including power and USB ports. Accessories also checked. Demonstration of features and settings. Quick run-through on how to operate the TV.</li>\r\n    <li>Please note that any unauthorized handling or self-installation of the product will lead to return & product warranty being void</li>\r\n   </ul>\r\n   </td>\r\n  </tr>\r\n </tbody>\r\n</table>\r\n', '10012020120042_45165.png', '10012020120042_451651.png', '', 309.49, 309.49, 0, 0, '', 'Black/000000', '', 0, 2, 0, '0', 0, 0, 0, 0, '0', 0, '1578637842', 1),
(43, 1, 21, 1, 0, 'Mi LED Smart TV 4 Pro 138.8 cm', 'mi-led-smart-tv-4-pro-1388-cm', 'Take your TV-viewing experience to the next level with the Mi LED Smart TV 4. Thanks to its beautiful Frameless Display, you can have a fully immersive experience no matter what you are watching. The 4K+HDR and the Dolby+DTS technologies, along with the flagship performance and connectivity features this TV offers, make for a seamless experience.\r\n\r\nSlimness That Matters\r\nMake TV-watching an enjoyable experience on its 4.9 mm Ultra-thin profile.\r\n\r\nFrameless Display\r\nTake immersive viewing experience to the next level on this 138.8 cm (55) TV as it does not have any boundaries to limit your view.\r\n\r\nImage Technology\r\nThe 4K+HDR technology gives you clarity that is commendable and brightness that is balanced, so you can enjoy your favourite TV shows and movies with rich and crisp details.\r\n\r\nDolby+DTS:\r\nGet cinema-quality sounds right at your home, as this TV boasts Dolby Audio and DTS-HD.\r\n\r\nPerformance:\r\nIt is powered by a 64-bit quad-core processor, along with 2 GB of RAM, that makes switching between multiple apps a breeze. You can install multiple apps on this TV, as it comes with 8 GB of internal storage.\r\n\r\nConnectivity:\r\nIt comes with the dual-band Wi-Fi and Bluetooth 4.2 (Low Energy), so you can stream content from the Internet and smart devices seamlessly. In addition, you can connect multiple devices with the help of HDMI (ARC and Input), USB and AV Input ports.\r\n\r\nBuilt-in Chromecast:\r\nThis feature enables you to cast content from your smart devices on to the bigger screen of your TV.\r\n\r\nApplications:\r\nStream your favourite videos and TV shows from various apps, such as Voot, Hotstar, Hungama Play and much more.\r\n\r\nPatchWall with Android TV:\r\nOperate this TV easily as it comes with the PatchWall user interface (Android Oreo). It gives you the access to Google Play Store, so you can enjoy a host of amazing apps. Thanks to 14+ content partners, you can now enjoy 700,000+ hours of content using this TV.\r\n\r\nOne Remote:\r\nYou can seamlessly control content from the set-top box and Smart TV using just one remote, reducing the hassle of using multiple remotes. You can even control the TV with your phone.\r\n\r\nGoogle Voice Search:\r\nAvoid tiresome typing, or the endless scrolling through the navigation bar. You can easily find the content you''re looking for by just asking, and Google Voice Search will find it for you. All you need to do is press the mic button on the remote and make use of the voice search feature.\r\n\r\nGoogle Assistant:\r\nThanks to this feature, you can now access your favourite content using just your voice - all you have to do is press the Google Assistant button on the remote control. What’s more is that you can also control your smart devices at home easily.', '<h3>General</h3>\r\n\r\n<table border=\\>\r\n <tbody>\r\n  <tr>\r\n   <td>In The Box</td>\r\n   <td>\r\n   <ul>\r\n    <li>Manual</li>\r\n    <li>1 LED TV</li>\r\n    <li>1 Smart Remote</li>\r\n    <li>Power cord</li>\r\n    <li>Stand</li>\r\n    <li>4 Screws</li>\r\n   </ul>\r\n   </td>\r\n  </tr>\r\n  <tr>\r\n   <td>Model Name</td>\r\n   <td>\r\n   <ul>\r\n    <li>L55M5-AN</li>\r\n   </ul>\r\n   </td>\r\n  </tr>\r\n  <tr>\r\n   <td>Color</td>\r\n   <td>\r\n   <ul>\r\n    <li>Grey</li>\r\n   </ul>\r\n   </td>\r\n  </tr>\r\n  <tr>\r\n   <td>Display Size</td>\r\n   <td>\r\n   <ul>\r\n    <li>138.8 cm (55)</li>\r\n   </ul>\r\n   </td>\r\n  </tr>\r\n  <tr>\r\n   <td>Screen Type</td>\r\n   <td>\r\n   <ul>\r\n    <li>LED</li>\r\n   </ul>\r\n   </td>\r\n  </tr>\r\n  <tr>\r\n   <td>HD Technology & Resolution</td>\r\n   <td>\r\n   <ul>\r\n    <li>Ultra HD (4K), 3840 x 2160</li>\r\n   </ul>\r\n   </td>\r\n  </tr>\r\n  <tr>\r\n   <td>3D</td>\r\n   <td>\r\n   <ul>\r\n    <li>No</li>\r\n   </ul>\r\n   </td>\r\n  </tr>\r\n  <tr>\r\n   <td>Smart TV</td>\r\n   <td>\r\n   <ul>\r\n    <li>Yes</li>\r\n   </ul>\r\n   </td>\r\n  </tr>\r\n  <tr>\r\n   <td>Curve TV</td>\r\n   <td>\r\n   <ul>\r\n    <li>No</li>\r\n   </ul>\r\n   </td>\r\n  </tr>\r\n  <tr>\r\n   <td>Series</td>\r\n   <td>\r\n   <ul>\r\n    <li>4 Pro</li>\r\n   </ul>\r\n   </td>\r\n  </tr>\r\n  <tr>\r\n   <td>Touchscreen</td>\r\n   <td>\r\n   <ul>\r\n    <li>No</li>\r\n   </ul>\r\n   </td>\r\n  </tr>\r\n  <tr>\r\n   <td>Motion Sensor</td>\r\n   <td>\r\n   <ul>\r\n    <li>No</li>\r\n   </ul>\r\n   </td>\r\n  </tr>\r\n  <tr>\r\n   <td>HDMI</td>\r\n   <td>\r\n   <ul>\r\n    <li>3</li>\r\n   </ul>\r\n   </td>\r\n  </tr>\r\n  <tr>\r\n   <td>USB</td>\r\n   <td>\r\n   <ul>\r\n    <li>2</li>\r\n   </ul>\r\n   </td>\r\n  </tr>\r\n  <tr>\r\n   <td>Built In Wi-Fi</td>\r\n   <td>\r\n   <ul>\r\n    <li>Yes</li>\r\n   </ul>\r\n   </td>\r\n  </tr>\r\n  <tr>\r\n   <td>Launch Year</td>\r\n   <td>\r\n   <ul>\r\n    <li>2018</li>\r\n   </ul>\r\n   </td>\r\n  </tr>\r\n </tbody>\r\n</table>\r\n\r\n<h3>Internet Features</h3>\r\n\r\n<table border=\\>\r\n <tbody>\r\n  <tr>\r\n   <td>Built In Wi-Fi</td>\r\n   <td>\r\n   <ul>\r\n    <li>Yes</li>\r\n   </ul>\r\n   </td>\r\n  </tr>\r\n  <tr>\r\n   <td>Mobile High-Definition Link</td>\r\n   <td>\r\n   <ul>\r\n    <li>No</li>\r\n   </ul>\r\n   </td>\r\n  </tr>\r\n  <tr>\r\n   <td>3G Dongle Plug and Play</td>\r\n   <td>\r\n   <ul>\r\n    <li>No</li>\r\n   </ul>\r\n   </td>\r\n  </tr>\r\n  <tr>\r\n   <td>Ethernet (RJ45)</td>\r\n   <td>\r\n   <ul>\r\n    <li>1</li>\r\n   </ul>\r\n   </td>\r\n  </tr>\r\n  <tr>\r\n   <td>Other Internet Features</td>\r\n   <td>\r\n   <ul>\r\n    <li>Built In Chromecast</li>\r\n    <li>Google Play Music</li>\r\n    <li>Google Voice Search</li>\r\n    <li>Wifi: 2.4 GHz/5 GHz</li>\r\n    <li>Android Oreo</li>\r\n   </ul>\r\n   </td>\r\n  </tr>\r\n </tbody>\r\n</table>\r\n\r\n<h3>Connectivity Features</h3>\r\n\r\n<table border=\\>\r\n <tbody>\r\n  <tr>\r\n   <td>HDMI</td>\r\n   <td>\r\n   <ul>\r\n    <li>3 Side</li>\r\n   </ul>\r\n   </td>\r\n  </tr>\r\n  <tr>\r\n   <td>USB</td>\r\n   <td>\r\n   <ul>\r\n    <li>Left-hand Side</li>\r\n   </ul>\r\n   </td>\r\n  </tr>\r\n  <tr>\r\n   <td>Component In (RGB Cable)</td>\r\n   <td>\r\n   <ul>\r\n    <li>No</li>\r\n   </ul>\r\n   </td>\r\n  </tr>\r\n  <tr>\r\n   <td>Composite In (Audio Video Cable)</td>\r\n   <td>\r\n   <ul>\r\n    <li>No</li>\r\n   </ul>\r\n   </td>\r\n  </tr>\r\n  <tr>\r\n   <td>NFC Support</td>\r\n   <td>\r\n   <ul>\r\n    <li>No</li>\r\n   </ul>\r\n   </td>\r\n  </tr>\r\n  <tr>\r\n   <td>PC Audio In</td>\r\n   <td>\r\n   <ul>\r\n    <li>No</li>\r\n   </ul>\r\n   </td>\r\n  </tr>\r\n  <tr>\r\n   <td>PC D-sub</td>\r\n   <td>\r\n   <ul>\r\n    <li>No</li>\r\n   </ul>\r\n   </td>\r\n  </tr>\r\n  <tr>\r\n   <td>Headphone Jack</td>\r\n   <td>\r\n   <ul>\r\n    <li>No</li>\r\n   </ul>\r\n   </td>\r\n  </tr>\r\n  <tr>\r\n   <td>Digital Audio Output</td>\r\n   <td>\r\n   <ul>\r\n    <li>Yes</li>\r\n   </ul>\r\n   </td>\r\n  </tr>\r\n  <tr>\r\n   <td>RF Connectivity Input</td>\r\n   <td>\r\n   <ul>\r\n    <li>Yes</li>\r\n   </ul>\r\n   </td>\r\n  </tr>\r\n </tbody>\r\n</table>\r\n\r\n<h3>Video Features</h3>\r\n\r\n<table border=\\>\r\n <tbody>\r\n  <tr>\r\n   <td>Contrast Ratio</td>\r\n   <td>\r\n   <ul>\r\n    <li>6000:01:00 (Static)</li>\r\n   </ul>\r\n   </td>\r\n  </tr>\r\n  <tr>\r\n   <td>Digital TV Reception</td>\r\n   <td>\r\n   <ul>\r\n    <li>No</li>\r\n   </ul>\r\n   </td>\r\n  </tr>\r\n  <tr>\r\n   <td>View Angle</td>\r\n   <td>\r\n   <ul>\r\n    <li>178 Degree</li>\r\n   </ul>\r\n   </td>\r\n  </tr>\r\n  <tr>\r\n   <td>LED Display Type</td>\r\n   <td>\r\n   <ul>\r\n    <li>Edge LED</li>\r\n   </ul>\r\n   </td>\r\n  </tr>\r\n  <tr>\r\n   <td>Aspect Ratio</td>\r\n   <td>\r\n   <ul>\r\n    <li>16:09</li>\r\n   </ul>\r\n   </td>\r\n  </tr>\r\n  <tr>\r\n   <td>Refresh Rate</td>\r\n   <td>\r\n   <ul>\r\n    <li>60 Hz</li>\r\n   </ul>\r\n   </td>\r\n  </tr>\r\n  <tr>\r\n   <td>Supported Video Formats</td>\r\n   <td>\r\n   <ul>\r\n    <li>VP9, H265, H264, Real, MPEG1/2/4, WMV, VC-1, AVS</li>\r\n   </ul>\r\n   </td>\r\n  </tr>\r\n </tbody>\r\n</table>\r\n\r\n<h3>Smart Tv Features</h3>\r\n\r\n<table border=\\>\r\n <tbody>\r\n  <tr>\r\n   <td>Number of Cores</td>\r\n   <td>\r\n   <ul>\r\n    <li>4</li>\r\n   </ul>\r\n   </td>\r\n  </tr>\r\n  <tr>\r\n   <td>Processor</td>\r\n   <td>\r\n   <ul>\r\n    <li>Amlogic Quad Core</li>\r\n   </ul>\r\n   </td>\r\n  </tr>\r\n  <tr>\r\n   <td>Graphic Processor</td>\r\n   <td>\r\n   <ul>\r\n    <li>Penta core ARM Mali-450</li>\r\n   </ul>\r\n   </td>\r\n  </tr>\r\n  <tr>\r\n   <td>Ram Capacity</td>\r\n   <td>\r\n   <ul>\r\n    <li>2 GB</li>\r\n   </ul>\r\n   </td>\r\n  </tr>\r\n  <tr>\r\n   <td>Storage Memory</td>\r\n   <td>\r\n   <ul>\r\n    <li>8 GB</li>\r\n   </ul>\r\n   </td>\r\n  </tr>\r\n  <tr>\r\n   <td>Supported App - Netflix</td>\r\n   <td>\r\n   <ul>\r\n    <li>No</li>\r\n   </ul>\r\n   </td>\r\n  </tr>\r\n  <tr>\r\n   <td>Supported App - Youtube</td>\r\n   <td>\r\n   <ul>\r\n    <li>Yes</li>\r\n   </ul>\r\n   </td>\r\n  </tr>\r\n  <tr>\r\n   <td>Supported App - Hotstar</td>\r\n   <td>\r\n   <ul>\r\n    <li>Yes</li>\r\n   </ul>\r\n   </td>\r\n  </tr>\r\n  <tr>\r\n   <td>Supported App - Prime Video</td>\r\n   <td>\r\n   <ul>\r\n    <li>No</li>\r\n   </ul>\r\n   </td>\r\n  </tr>\r\n  <tr>\r\n   <td>Supported App - Others</td>\r\n   <td>\r\n   <ul>\r\n    <li>Yes</li>\r\n   </ul>\r\n   </td>\r\n  </tr>\r\n  <tr>\r\n   <td>Supported Mobile Operating System</td>\r\n   <td>\r\n   <ul>\r\n    <li>Android</li>\r\n    <li>iOS</li>\r\n   </ul>\r\n   </td>\r\n  </tr>\r\n  <tr>\r\n   <td>Operating System Present</td>\r\n   <td>\r\n   <ul>\r\n    <li>Yes</li>\r\n   </ul>\r\n   </td>\r\n  </tr>\r\n  <tr>\r\n   <td>Operating System</td>\r\n   <td>\r\n   <ul>\r\n    <li>Android</li>\r\n   </ul>\r\n   </td>\r\n  </tr>\r\n  <tr>\r\n   <td>Screen Mirroring</td>\r\n   <td>\r\n   <ul>\r\n    <li>Yes</li>\r\n   </ul>\r\n   </td>\r\n  </tr>\r\n  <tr>\r\n   <td>App Store Type</td>\r\n   <td>\r\n   <ul>\r\n    <li>Google Play Store</li>\r\n   </ul>\r\n   </td>\r\n  </tr>\r\n  <tr>\r\n   <td>Content Providers</td>\r\n   <td>\r\n   <ul>\r\n    <li>Hotstar, Voot, Sony Liv, Sun Nxt, Zee5, Hungama Play, ALT Balaji, Viu, TVF Play, Flickstree</li>\r\n   </ul>\r\n   </td>\r\n  </tr>\r\n </tbody>\r\n</table>\r\n\r\n<h3>Audio Features</h3>\r\n\r\n<table border=\\>\r\n <tbody>\r\n  <tr>\r\n   <td>Number of Speakers</td>\r\n   <td>\r\n   <ul>\r\n    <li>2</li>\r\n   </ul>\r\n   </td>\r\n  </tr>\r\n  <tr>\r\n   <td>Speaker Type</td>\r\n   <td>\r\n   <ul>\r\n    <li>Down Firing</li>\r\n   </ul>\r\n   </td>\r\n  </tr>\r\n  <tr>\r\n   <td>Sound Technology</td>\r\n   <td>\r\n   <ul>\r\n    <li>Dolby</li>\r\n   </ul>\r\n   </td>\r\n  </tr>\r\n  <tr>\r\n   <td>Surround Sound</td>\r\n   <td>\r\n   <ul>\r\n    <li>DTS</li>\r\n   </ul>\r\n   </td>\r\n  </tr>\r\n  <tr>\r\n   <td>Speaker Output RMS</td>\r\n   <td>\r\n   <ul>\r\n    <li>16 W</li>\r\n   </ul>\r\n   </td>\r\n  </tr>\r\n </tbody>\r\n</table>\r\n\r\n<h3>Power Features</h3>\r\n\r\n<table border=\\>\r\n <tbody>\r\n  <tr>\r\n   <td>Power Requirement</td>\r\n   <td>\r\n   <ul>\r\n    <li>AC 100 - 240 V, 50/60 Hz</li>\r\n   </ul>\r\n   </td>\r\n  </tr>\r\n  <tr>\r\n   <td>Power Consumption</td>\r\n   <td>\r\n   <ul>\r\n    <li>160 W, 0.5 W (Standby)</li>\r\n   </ul>\r\n   </td>\r\n  </tr>\r\n </tbody>\r\n</table>\r\n\r\n<h3>Remote Control Features</h3>\r\n\r\n<table border=\\>\r\n <tbody>\r\n  <tr>\r\n   <td>Touch Remote</td>\r\n   <td>\r\n   <ul>\r\n    <li>No</li>\r\n   </ul>\r\n   </td>\r\n  </tr>\r\n  <tr>\r\n   <td>RF Capable</td>\r\n   <td>\r\n   <ul>\r\n    <li>Yes</li>\r\n   </ul>\r\n   </td>\r\n  </tr>\r\n  <tr>\r\n   <td>Internet Access</td>\r\n   <td>\r\n   <ul>\r\n    <li>Yes</li>\r\n   </ul>\r\n   </td>\r\n  </tr>\r\n </tbody>\r\n</table>\r\n\r\n<h3>Additional Features</h3>\r\n\r\n<table border=\\>\r\n <tbody>\r\n  <tr>\r\n   <td>\r\n   <ul>\r\n    <li>Patchwall with Android TV, Framelss Display, Oreo 8.1, Universal Search, Cable TV Integration, 64 bit Quad Core</li>\r\n   </ul>\r\n   </td>\r\n  </tr>\r\n </tbody>\r\n</table>\r\n\r\n<h3>Dimensions</h3>\r\n\r\n<table border=\\>\r\n <tbody>\r\n  <tr>\r\n   <td>Width x Height x Depth (without stand)</td>\r\n   <td>\r\n   <ul>\r\n    <li>1232.1 mm x 730.6 mm x 48 mm</li>\r\n   </ul>\r\n   </td>\r\n  </tr>\r\n  <tr>\r\n   <td>Width x Height x Depth (with stand)</td>\r\n   <td>\r\n   <ul>\r\n    <li>1232.1 mm x 791.7 mm x 216.5 mm</li>\r\n   </ul>\r\n   </td>\r\n  </tr>\r\n  <tr>\r\n   <td>Weight (with stand)</td>\r\n   <td>\r\n   <ul>\r\n    <li>17.2 kg</li>\r\n   </ul>\r\n   </td>\r\n  </tr>\r\n  <tr>\r\n   <td>Other Dimensions</td>\r\n   <td>\r\n   <ul>\r\n    <li>Minimum Depth: 4.9 mm</li>\r\n   </ul>\r\n   </td>\r\n  </tr>\r\n </tbody>\r\n</table>\r\n\r\n<h3>Warranty</h3>\r\n\r\n<table border=\\>\r\n <tbody>\r\n  <tr>\r\n   <td>Warranty Summary</td>\r\n   <td>\r\n   <ul>\r\n    <li>1 Year Warranty on Product + 1 Year Additional Warranty for Panel</li>\r\n   </ul>\r\n   </td>\r\n  </tr>\r\n  <tr>\r\n   <td>Covered in Warranty</td>\r\n   <td>\r\n   <ul>\r\n    <li>Warranty of the Product is Limited to Manufacturing Defects Only</li>\r\n   </ul>\r\n   </td>\r\n  </tr>\r\n  <tr>\r\n   <td>Not Covered in Warranty</td>\r\n   <td>\r\n   <ul>\r\n    <li>Warranty Does Not Cover Any External Accessories (Such as Battery, Cable, Carrying Bag), Damage Caused to the Product Due to Improper Installation by Customer, Normal Wear and Tear to Magnetic Heads, Audio, Video, Laser Pick-ups and TV Picture Tubes, Panel, Damages Caused to the Product by Accident, Lightening, Ingress of Water, Fire, Dropping or Excessive Shock, Any Damage Caused Due to Tampering of the Product by an Unauthorized Agent, Liability for Loss of Data, Recorded Images or Business Opportunity Loss.</li>\r\n   </ul>\r\n   </td>\r\n  </tr>\r\n  <tr>\r\n   <td>Warranty Service Type</td>\r\n   <td>\r\n   <ul>\r\n    <li>On-site Technician Visit</li>\r\n   </ul>\r\n   </td>\r\n  </tr>\r\n </tbody>\r\n</table>\r\n\r\n<h3>Installation & Demo</h3>\r\n\r\n<table border=\\>\r\n <tbody>\r\n  <tr>\r\n   <td>Installation & Demo Details</td>\r\n   <td>\r\n   <ul>\r\n    <li>Customer will have to pay Rs 600 (Applicable Tax Extra) if the installation is requested post 15 days of delivery</li>\r\n    <li>Please note that any unauthorized handling or self-installation of the product will lead to return & product warranty being void</li>\r\n    <li>The service engineer will install your new TV, either on wall mount or on table top. The wall mount is not provided free of cost and is chargeable to the customer. The cost of wall mount is Rs. 499 (inclusive of applicable taxes) and will be available with service engineer for purchase</li>\r\n    <li>Installation will be free of cost only if done within 15 days of delivery</li>\r\n    <li>Flipkart will facilitate Installation & Demo at time of your convenience from an brand authorized service engineer</li>\r\n    <li>The authorized service engineer will be providing detailed demo that includes</li>\r\n    <li>a. Physical check of all ports, including power and USB ports. b. Checking also of accessories c. Understanding your new TV&#39;s features with complete demonstration of features and settings d. Quick run-through on how to operate the TV e. Preventive maintenance action to be taken</li>\r\n    <li>Flipkart will communicate the day and time slot of the scheduled Installation & Demo through a SMS</li>\r\n    <li>The Installation & First Demo service will be provided free of cost. All additional accessories not part of the the package will be charged separately</li>\r\n   </ul>\r\n   </td>\r\n  </tr>\r\n </tbody>\r\n</table>\r\n', '10012020121103_89317.png', '10012020121103_893171.png', '', 675.27, 675.27, 0, 0, '', 'Black/000000', '', 0, 1, 0, '0', 0, 0, 0, 0, '0', 0, '1578638464', 1);
INSERT INTO `tbl_gf_tbl_product` (`id`, `category_id`, `sub_category_id`, `brand_id`, `offer_id`, `product_title`, `product_slug`, `product_desc`, `product_features`, `featured_image`, `featured_image2`, `size_chart`, `product_mrp`, `selling_price`, `you_save_amt`, `you_save_per`, `other_color_product`, `color`, `product_size`, `product_quantity`, `max_unit_buy`, `delivery_charge`, `total_views`, `total_rate`, `rate_avg`, `is_featured`, `today_deal`, `today_deal_date`, `total_sale`, `created_at`, `status`) VALUES
(44, 1, 21, 1, 0, 'Mi LED Smart TV 4A 80 cm (32)', 'mi-led-smart-tv-4a-80-cm-32', 'Get the Mi LED Smart TV 4A 80 cm (32) that screams entertainment. You can take your TV-viewing experience to the next level as it comes with an HD-Ready LED Display, Stereo Speakers.\r\n\r\nHD-Ready LED Display:\r\nExplore every detail in brilliant clarity, along with vibrant life-like colors and enhanced brightness. Thanks to the upgraded graphics engine, there is reduced noise and improved contrast and brightness.\r\n\r\nPowerful 20 W Stereo Speakers (10 W x 2):\r\nThe powerful 20 W stereo speakers (10 W x 2) let you hear the awesome dialogues your favorite actors deliver loudly and clearly.\r\n\r\nLeading Performance:\r\nSeamlessly switch between multiple apps, as it comes with a 64-bit quad-core processor and 1 GB of RAM. It comes with multiple connectivity ports, such as HDMI, USB and much more, so you can enjoy the content from other media and storage devices as well. You can also connect to the Internet using the Ethernet port.\r\n\r\nPatch Wall:\r\nRevolutionist your TV-viewing experience, as you can seamlessly enjoy up to 500000+ hours of entertainment by discovering recommended content from different apps.\r\n\r\nOne Remote, One Interface:\r\nThis feature lets you combine and control your Smart TV and Set-top Box for a seamless TV-viewing experience.\r\n\r\nScreen Mirroring:\r\nThanks to this feature, you can enjoy content from other smart devices on a bigger screen. You can even control this TV using your Android phone that is connected to the same Wi-Fi.\r\n\r\nMultiple Ports:\r\nThis TV features multiple ports to connect your media devices.\r\n\r\nApplications:\r\nWith easy access to various content providers such as Hotstart, Voot, Hungama, and flickstree, you''d never run out of things to watch.', '<h3>General</h3>\r\n\r\n<table border=\\>\r\n <tbody>\r\n  <tr>\r\n   <td>In The Box</td>\r\n   <td>\r\n   <ul>\r\n    <li>LED TV 1U, Manual 1U, Screws 4U, Remote Control 1U, Stand 1U</li>\r\n   </ul>\r\n   </td>\r\n  </tr>\r\n  <tr>\r\n   <td>Model Name</td>\r\n   <td>\r\n   <ul>\r\n    <li>L32M5-AI</li>\r\n   </ul>\r\n   </td>\r\n  </tr>\r\n  <tr>\r\n   <td>Display Size</td>\r\n   <td>\r\n   <ul>\r\n    <li>80 cm (32)</li>\r\n   </ul>\r\n   </td>\r\n  </tr>\r\n  <tr>\r\n   <td>Screen Type</td>\r\n   <td>\r\n   <ul>\r\n    <li>LED</li>\r\n   </ul>\r\n   </td>\r\n  </tr>\r\n  <tr>\r\n   <td>HD Technology & Resolution</td>\r\n   <td>\r\n   <ul>\r\n    <li>HD Ready, 1366 x 768 Pixels</li>\r\n   </ul>\r\n   </td>\r\n  </tr>\r\n  <tr>\r\n   <td>3D</td>\r\n   <td>\r\n   <ul>\r\n    <li>No</li>\r\n   </ul>\r\n   </td>\r\n  </tr>\r\n  <tr>\r\n   <td>Smart TV</td>\r\n   <td>\r\n   <ul>\r\n    <li>Yes</li>\r\n   </ul>\r\n   </td>\r\n  </tr>\r\n  <tr>\r\n   <td>Curve TV</td>\r\n   <td>\r\n   <ul>\r\n    <li>No</li>\r\n   </ul>\r\n   </td>\r\n  </tr>\r\n  <tr>\r\n   <td>Series</td>\r\n   <td>\r\n   <ul>\r\n    <li>4A</li>\r\n   </ul>\r\n   </td>\r\n  </tr>\r\n  <tr>\r\n   <td>Touchscreen</td>\r\n   <td>\r\n   <ul>\r\n    <li>No</li>\r\n   </ul>\r\n   </td>\r\n  </tr>\r\n  <tr>\r\n   <td>Motion Sensor</td>\r\n   <td>\r\n   <ul>\r\n    <li>No</li>\r\n   </ul>\r\n   </td>\r\n  </tr>\r\n  <tr>\r\n   <td>HDMI</td>\r\n   <td>\r\n   <ul>\r\n    <li>3</li>\r\n   </ul>\r\n   </td>\r\n  </tr>\r\n  <tr>\r\n   <td>USB</td>\r\n   <td>\r\n   <ul>\r\n    <li>2</li>\r\n   </ul>\r\n   </td>\r\n  </tr>\r\n  <tr>\r\n   <td>Wi-Fi Type</td>\r\n   <td>\r\n   <ul>\r\n    <li>802.11a/b/g/n (2.4 GHz)</li>\r\n   </ul>\r\n   </td>\r\n  </tr>\r\n  <tr>\r\n   <td>Built In Wi-Fi</td>\r\n   <td>\r\n   <ul>\r\n    <li>Yes</li>\r\n   </ul>\r\n   </td>\r\n  </tr>\r\n  <tr>\r\n   <td>Launch Year</td>\r\n   <td>\r\n   <ul>\r\n    <li>2018</li>\r\n   </ul>\r\n   </td>\r\n  </tr>\r\n </tbody>\r\n</table>\r\n\r\n<h3>Internet Features</h3>\r\n\r\n<table border=\\>\r\n <tbody>\r\n  <tr>\r\n   <td>Built In Wi-Fi</td>\r\n   <td>\r\n   <ul>\r\n    <li>Yes</li>\r\n   </ul>\r\n   </td>\r\n  </tr>\r\n  <tr>\r\n   <td>3G Dongle Plug and Play</td>\r\n   <td>\r\n   <ul>\r\n    <li>No</li>\r\n   </ul>\r\n   </td>\r\n  </tr>\r\n  <tr>\r\n   <td>Ethernet (RJ45)</td>\r\n   <td>\r\n   <ul>\r\n    <li>1</li>\r\n   </ul>\r\n   </td>\r\n  </tr>\r\n </tbody>\r\n</table>\r\n\r\n<h3>Connectivity Features</h3>\r\n\r\n<table border=\\>\r\n <tbody>\r\n  <tr>\r\n   <td>HDMI</td>\r\n   <td>\r\n   <ul>\r\n    <li>Side</li>\r\n   </ul>\r\n   </td>\r\n  </tr>\r\n  <tr>\r\n   <td>USB</td>\r\n   <td>\r\n   <ul>\r\n    <li>Side</li>\r\n   </ul>\r\n   </td>\r\n  </tr>\r\n  <tr>\r\n   <td>Headphone Jack</td>\r\n   <td>\r\n   <ul>\r\n    <li>Yes</li>\r\n   </ul>\r\n   </td>\r\n  </tr>\r\n </tbody>\r\n</table>\r\n\r\n<h3>Video Features</h3>\r\n\r\n<table border=\\>\r\n <tbody>\r\n  <tr>\r\n   <td>View Angle</td>\r\n   <td>\r\n   <ul>\r\n    <li>178 degree</li>\r\n   </ul>\r\n   </td>\r\n  </tr>\r\n  <tr>\r\n   <td>LED Display Type</td>\r\n   <td>\r\n   <ul>\r\n    <li>LED</li>\r\n   </ul>\r\n   </td>\r\n  </tr>\r\n  <tr>\r\n   <td>Refresh Rate</td>\r\n   <td>\r\n   <ul>\r\n    <li>60 Hz</li>\r\n   </ul>\r\n   </td>\r\n  </tr>\r\n  <tr>\r\n   <td>Supported Video Formats</td>\r\n   <td>\r\n   <ul>\r\n    <li>H.265, H.264, Real, MPEG 1/2/4</li>\r\n   </ul>\r\n   </td>\r\n  </tr>\r\n </tbody>\r\n</table>\r\n\r\n<h3>Smart Tv Features</h3>\r\n\r\n<table border=\\>\r\n <tbody>\r\n  <tr>\r\n   <td>Number of Cores</td>\r\n   <td>\r\n   <ul>\r\n    <li>4</li>\r\n   </ul>\r\n   </td>\r\n  </tr>\r\n  <tr>\r\n   <td>Processor</td>\r\n   <td>\r\n   <ul>\r\n    <li>Amlogic 64-bit Quad-core</li>\r\n   </ul>\r\n   </td>\r\n  </tr>\r\n  <tr>\r\n   <td>Graphic Processor</td>\r\n   <td>\r\n   <ul>\r\n    <li>Mali-450 MP3</li>\r\n   </ul>\r\n   </td>\r\n  </tr>\r\n  <tr>\r\n   <td>Ram Capacity</td>\r\n   <td>\r\n   <ul>\r\n    <li>1 GB</li>\r\n   </ul>\r\n   </td>\r\n  </tr>\r\n  <tr>\r\n   <td>Storage Memory</td>\r\n   <td>\r\n   <ul>\r\n    <li>8 GB</li>\r\n   </ul>\r\n   </td>\r\n  </tr>\r\n  <tr>\r\n   <td>Supported App - Hotstar</td>\r\n   <td>\r\n   <ul>\r\n    <li>Yes</li>\r\n   </ul>\r\n   </td>\r\n  </tr>\r\n  <tr>\r\n   <td>Operating System</td>\r\n   <td>\r\n   <ul>\r\n    <li>Android Based</li>\r\n   </ul>\r\n   </td>\r\n  </tr>\r\n  <tr>\r\n   <td>Screen Mirroring</td>\r\n   <td>\r\n   <ul>\r\n    <li>Yes</li>\r\n   </ul>\r\n   </td>\r\n  </tr>\r\n  <tr>\r\n   <td>Content Providers</td>\r\n   <td>\r\n   <ul>\r\n    <li>Content Providers - Hotstar, Voot, Sony Liv, Sun Nxt, Zee5, Hungama Play, ALT Balaji, Viu, TVF Play, Flickstree</li>\r\n   </ul>\r\n   </td>\r\n  </tr>\r\n  <tr>\r\n   <td>Content Languages</td>\r\n   <td>\r\n   <ul>\r\n    <li>Marathi, Gujarati, Sinhala, Kannada, Tamil, Rajasthani, Hindi, English, Punjabi, Telugu, Bengali, Urdu, Malayalam, Bhojpuri, Oriya</li>\r\n   </ul>\r\n   </td>\r\n  </tr>\r\n  <tr>\r\n   <td>System Languages</td>\r\n   <td>\r\n   <ul>\r\n    <li>Assamese, Marathi, Gujarati, Kannada, Tamil, English, Hindi, Punjabi, Bengali, Telugu, Urdu, Malayalam, Oriya</li>\r\n   </ul>\r\n   </td>\r\n  </tr>\r\n </tbody>\r\n</table>\r\n\r\n<h3>Audio Features</h3>\r\n\r\n<table border=\\>\r\n <tbody>\r\n  <tr>\r\n   <td>Number of Speakers</td>\r\n   <td>\r\n   <ul>\r\n    <li>2</li>\r\n   </ul>\r\n   </td>\r\n  </tr>\r\n  <tr>\r\n   <td>Sound Technology</td>\r\n   <td>\r\n   <ul>\r\n    <li>DTS</li>\r\n   </ul>\r\n   </td>\r\n  </tr>\r\n  <tr>\r\n   <td>Surround Sound</td>\r\n   <td>\r\n   <ul>\r\n    <li>Yes</li>\r\n   </ul>\r\n   </td>\r\n  </tr>\r\n  <tr>\r\n   <td>Speaker Output RMS</td>\r\n   <td>\r\n   <ul>\r\n    <li>20 W</li>\r\n   </ul>\r\n   </td>\r\n  </tr>\r\n  <tr>\r\n   <td>Supported Audio Formats</td>\r\n   <td>\r\n   <ul>\r\n    <li>DTS</li>\r\n   </ul>\r\n   </td>\r\n  </tr>\r\n  <tr>\r\n   <td>Other Audio Features</td>\r\n   <td>\r\n   <ul>\r\n    <li>Surround Sound</li>\r\n   </ul>\r\n   </td>\r\n  </tr>\r\n </tbody>\r\n</table>\r\n\r\n<h3>Power Features</h3>\r\n\r\n<table border=\\>\r\n <tbody>\r\n  <tr>\r\n   <td>Power Requirement</td>\r\n   <td>\r\n   <ul>\r\n    <li>AC 100 - 240 V, 50/60 Hz</li>\r\n   </ul>\r\n   </td>\r\n  </tr>\r\n  <tr>\r\n   <td>Power Consumption</td>\r\n   <td>\r\n   <ul>\r\n    <li>50 W, 0.5 W (Standby)</li>\r\n   </ul>\r\n   </td>\r\n  </tr>\r\n </tbody>\r\n</table>\r\n\r\n<h3>Remote Control Features</h3>\r\n\r\n<table border=\\>\r\n <tbody>\r\n  <tr>\r\n   <td>Touch Remote</td>\r\n   <td>\r\n   <ul>\r\n    <li>No</li>\r\n   </ul>\r\n   </td>\r\n  </tr>\r\n  <tr>\r\n   <td>Internet Access</td>\r\n   <td>\r\n   <ul>\r\n    <li>Yes</li>\r\n   </ul>\r\n   </td>\r\n  </tr>\r\n </tbody>\r\n</table>\r\n\r\n<h3>Additional Features</h3>\r\n\r\n<table border=\\>\r\n <tbody>\r\n  <tr>\r\n   <td>\r\n   <ul>\r\n    <li>Supported Photo Formats - PNG, GIF, JPG, DTS-HD Speakers, Cable TV Integration, 3.5mm jack, Ultra Bright HD display</li>\r\n   </ul>\r\n   </td>\r\n  </tr>\r\n </tbody>\r\n</table>\r\n\r\n<h3>Dimensions</h3>\r\n\r\n<table border=\\>\r\n <tbody>\r\n  <tr>\r\n   <td>Width x Height x Depth (without stand)</td>\r\n   <td>\r\n   <ul>\r\n    <li>733 mm x 435 mm x 80 mm</li>\r\n   </ul>\r\n   </td>\r\n  </tr>\r\n  <tr>\r\n   <td>Weight (without stand)</td>\r\n   <td>\r\n   <ul>\r\n    <li>3.855 kg</li>\r\n   </ul>\r\n   </td>\r\n  </tr>\r\n  <tr>\r\n   <td>Width x Height x Depth (with stand)</td>\r\n   <td>\r\n   <ul>\r\n    <li>733 mm x 479 mm x 180 mm</li>\r\n   </ul>\r\n   </td>\r\n  </tr>\r\n  <tr>\r\n   <td>Weight (with stand)</td>\r\n   <td>\r\n   <ul>\r\n    <li>3.9 kg</li>\r\n   </ul>\r\n   </td>\r\n  </tr>\r\n </tbody>\r\n</table>\r\n\r\n<h3>Warranty</h3>\r\n\r\n<table border=\\>\r\n <tbody>\r\n  <tr>\r\n   <td>Warranty Summary</td>\r\n   <td>\r\n   <ul>\r\n    <li>1 Year Warranty on Product and Additional 1 Year Warranty on Panel</li>\r\n   </ul>\r\n   </td>\r\n  </tr>\r\n  <tr>\r\n   <td>Covered in Warranty</td>\r\n   <td>\r\n   <ul>\r\n    <li>Defect Arising Out of Faulty or Defective Material or Workmanship. Parts and Labour Costs are Covered</li>\r\n   </ul>\r\n   </td>\r\n  </tr>\r\n  <tr>\r\n   <td>Not Covered in Warranty</td>\r\n   <td>\r\n   <ul>\r\n    <li>Physical Damages after Usage, Scratches on Panel</li>\r\n   </ul>\r\n   </td>\r\n  </tr>\r\n  <tr>\r\n   <td>Warranty Service Type</td>\r\n   <td>\r\n   <ul>\r\n    <li>On-site Technician Visit</li>\r\n   </ul>\r\n   </td>\r\n  </tr>\r\n </tbody>\r\n</table>\r\n\r\n<h3>Installation & Demo</h3>\r\n\r\n<table border=\\>\r\n <tbody>\r\n  <tr>\r\n   <td>Installation & Demo Details</td>\r\n   <td>\r\n   <ul>\r\n    <li>Please note that any unauthorized handling or self-installation of the product will lead to return & product warranty being void</li>\r\n    <li>Installation will be free of cost only if done within 15 days of delivery</li>\r\n    <li>Flipkart will facilitate Installation & Demo at time of your convenience from an brand authorized service engineer</li>\r\n    <li>Customer will have to pay Rs 500 (Applicable Tax Extra) if the installation is requested post 15 days of delivery</li>\r\n    <li>The authorized service engineer will be providing detailed demo that includes</li>\r\n    <li>The service engineer will install your new TV, either on wall mount or on table top. The wall mount is not provided free of cost and is chargeable to the customer. The cost of wall mount is Rs. 399 (inclusive of applicable taxes) and will be available with service engineer for purchase</li>\r\n    <li>a. Physical check of all ports, including power and USB ports. b. Checking also of accessories c. Understanding your new TV&#39;s features with complete demonstration of features and settings d. Quick run-through on how to operate the TV e. Preventive maintenance action to be taken</li>\r\n    <li>Flipkart will communicate the day and time slot of the scheduled Installation & Demo through a SMS</li>\r\n    <li>The Installation & First Demo service will be provided free of cost. All additional accessories not part of the the package will be charged separately</li>\r\n   </ul>\r\n   </td>\r\n  </tr>\r\n </tbody>\r\n</table>\r\n', '10012020121722_42662.png', '10012020121722_426621.png', '', 175.84, 175.84, 0, 0, '', 'Black/000000', '', 0, 2, 0, '0', 0, 0, 0, 0, '0', 0, '1578638843', 1),
(45, 1, 21, 1, 0, 'Mi LED Smart TV 4A 108 cm (43)', 'mi-led-smart-tv-4a-108-cm-43', 'Get the Mi LED Smart TV 4A 80 cm (32) that screams entertainment. You can take your TV-viewing experience to the next level as it comes with an HD-Ready LED Display, Stereo Speakers.\r\n\r\nHD-Ready LED Display:\r\nExplore every detail in brilliant clarity, along with vibrant life-like colors and enhanced brightness. Thanks to the upgraded graphics engine, there is reduced noise and improved contrast and brightness.\r\n\r\nPowerful 20 W Stereo Speakers (10 W x 2):\r\nThe powerful 20 W stereo speakers (10 W x 2) let you hear the awesome dialogues your favorite actors deliver loudly and clearly.\r\n\r\nLeading Performance:\r\nSeamlessly switch between multiple apps, as it comes with a 64-bit quad-core processor and 1 GB of RAM. It comes with multiple connectivity ports, such as HDMI, USB and much more, so you can enjoy the content from other media and storage devices as well. You can also connect to the Internet using the Ethernet port.\r\n\r\nPatch Wall:\r\nRevolutionist your TV-viewing experience, as you can seamlessly enjoy up to 500000+ hours of entertainment by discovering recommended content from different apps.\r\n\r\nOne Remote, One Interface:\r\nThis feature lets you combine and control your Smart TV and Set-top Box for a seamless TV-viewing experience.\r\n\r\nScreen Mirroring:\r\nThanks to this feature, you can enjoy content from other smart devices on a bigger screen. You can even control this TV using your Android phone that is connected to the same Wi-Fi.\r\n\r\nMultiple Ports:\r\nThis TV features multiple ports to connect your media devices.\r\n\r\nApplications:\r\nWith easy access to various content providers such as Hotstart, Voot, Hungama, and flickstree, you''d never run out of things to watch.', '<h3>General</h3>\r\n\r\n<table border=\\>\r\n <tbody>\r\n  <tr>\r\n   <td>In The Box</td>\r\n   <td>\r\n   <ul>\r\n    <li>LED TV 1U, Manual 1U, Screws 4U, Remote Control 1U, Stand 1U</li>\r\n   </ul>\r\n   </td>\r\n  </tr>\r\n  <tr>\r\n   <td>Model Name</td>\r\n   <td>\r\n   <ul>\r\n    <li>L32M5-AI</li>\r\n   </ul>\r\n   </td>\r\n  </tr>\r\n  <tr>\r\n   <td>Display Size</td>\r\n   <td>\r\n   <ul>\r\n    <li>880 cm (43)</li>\r\n   </ul>\r\n   </td>\r\n  </tr>\r\n  <tr>\r\n   <td>Screen Type</td>\r\n   <td>\r\n   <ul>\r\n    <li>LED</li>\r\n   </ul>\r\n   </td>\r\n  </tr>\r\n  <tr>\r\n   <td>HD Technology & Resolution</td>\r\n   <td>\r\n   <ul>\r\n    <li>HD Ready, 1366 x 768 Pixels</li>\r\n   </ul>\r\n   </td>\r\n  </tr>\r\n  <tr>\r\n   <td>3D</td>\r\n   <td>\r\n   <ul>\r\n    <li>No</li>\r\n   </ul>\r\n   </td>\r\n  </tr>\r\n  <tr>\r\n   <td>Smart TV</td>\r\n   <td>\r\n   <ul>\r\n    <li>Yes</li>\r\n   </ul>\r\n   </td>\r\n  </tr>\r\n  <tr>\r\n   <td>Curve TV</td>\r\n   <td>\r\n   <ul>\r\n    <li>No</li>\r\n   </ul>\r\n   </td>\r\n  </tr>\r\n  <tr>\r\n   <td>Series</td>\r\n   <td>\r\n   <ul>\r\n    <li>4A</li>\r\n   </ul>\r\n   </td>\r\n  </tr>\r\n  <tr>\r\n   <td>Touchscreen</td>\r\n   <td>\r\n   <ul>\r\n    <li>No</li>\r\n   </ul>\r\n   </td>\r\n  </tr>\r\n  <tr>\r\n   <td>Motion Sensor</td>\r\n   <td>\r\n   <ul>\r\n    <li>No</li>\r\n   </ul>\r\n   </td>\r\n  </tr>\r\n  <tr>\r\n   <td>HDMI</td>\r\n   <td>\r\n   <ul>\r\n    <li>3</li>\r\n   </ul>\r\n   </td>\r\n  </tr>\r\n  <tr>\r\n   <td>USB</td>\r\n   <td>\r\n   <ul>\r\n    <li>2</li>\r\n   </ul>\r\n   </td>\r\n  </tr>\r\n  <tr>\r\n   <td>Wi-Fi Type</td>\r\n   <td>\r\n   <ul>\r\n    <li>802.11a/b/g/n (2.4 GHz)</li>\r\n   </ul>\r\n   </td>\r\n  </tr>\r\n  <tr>\r\n   <td>Built In Wi-Fi</td>\r\n   <td>\r\n   <ul>\r\n    <li>Yes</li>\r\n   </ul>\r\n   </td>\r\n  </tr>\r\n  <tr>\r\n   <td>Launch Year</td>\r\n   <td>\r\n   <ul>\r\n    <li>2018</li>\r\n   </ul>\r\n   </td>\r\n  </tr>\r\n </tbody>\r\n</table>\r\n\r\n<h3>Internet Features</h3>\r\n\r\n<table border=\\>\r\n <tbody>\r\n  <tr>\r\n   <td>Built In Wi-Fi</td>\r\n   <td>\r\n   <ul>\r\n    <li>Yes</li>\r\n   </ul>\r\n   </td>\r\n  </tr>\r\n  <tr>\r\n   <td>3G Dongle Plug and Play</td>\r\n   <td>\r\n   <ul>\r\n    <li>No</li>\r\n   </ul>\r\n   </td>\r\n  </tr>\r\n  <tr>\r\n   <td>Ethernet (RJ45)</td>\r\n   <td>\r\n   <ul>\r\n    <li>1</li>\r\n   </ul>\r\n   </td>\r\n  </tr>\r\n </tbody>\r\n</table>\r\n\r\n<h3>Connectivity Features</h3>\r\n\r\n<table border=\\>\r\n <tbody>\r\n  <tr>\r\n   <td>HDMI</td>\r\n   <td>\r\n   <ul>\r\n    <li>Side</li>\r\n   </ul>\r\n   </td>\r\n  </tr>\r\n  <tr>\r\n   <td>USB</td>\r\n   <td>\r\n   <ul>\r\n    <li>Side</li>\r\n   </ul>\r\n   </td>\r\n  </tr>\r\n  <tr>\r\n   <td>Headphone Jack</td>\r\n   <td>\r\n   <ul>\r\n    <li>Yes</li>\r\n   </ul>\r\n   </td>\r\n  </tr>\r\n </tbody>\r\n</table>\r\n\r\n<h3>Video Features</h3>\r\n\r\n<table border=\\>\r\n <tbody>\r\n  <tr>\r\n   <td>View Angle</td>\r\n   <td>\r\n   <ul>\r\n    <li>178 degree</li>\r\n   </ul>\r\n   </td>\r\n  </tr>\r\n  <tr>\r\n   <td>LED Display Type</td>\r\n   <td>\r\n   <ul>\r\n    <li>LED</li>\r\n   </ul>\r\n   </td>\r\n  </tr>\r\n  <tr>\r\n   <td>Refresh Rate</td>\r\n   <td>\r\n   <ul>\r\n    <li>60 Hz</li>\r\n   </ul>\r\n   </td>\r\n  </tr>\r\n  <tr>\r\n   <td>Supported Video Formats</td>\r\n   <td>\r\n   <ul>\r\n    <li>H.265, H.264, Real, MPEG 1/2/4</li>\r\n   </ul>\r\n   </td>\r\n  </tr>\r\n </tbody>\r\n</table>\r\n\r\n<h3>Smart Tv Features</h3>\r\n\r\n<table border=\\>\r\n <tbody>\r\n  <tr>\r\n   <td>Number of Cores</td>\r\n   <td>\r\n   <ul>\r\n    <li>4</li>\r\n   </ul>\r\n   </td>\r\n  </tr>\r\n  <tr>\r\n   <td>Processor</td>\r\n   <td>\r\n   <ul>\r\n    <li>Amlogic 64-bit Quad-core</li>\r\n   </ul>\r\n   </td>\r\n  </tr>\r\n  <tr>\r\n   <td>Graphic Processor</td>\r\n   <td>\r\n   <ul>\r\n    <li>Mali-450 MP3</li>\r\n   </ul>\r\n   </td>\r\n  </tr>\r\n  <tr>\r\n   <td>Ram Capacity</td>\r\n   <td>\r\n   <ul>\r\n    <li>1 GB</li>\r\n   </ul>\r\n   </td>\r\n  </tr>\r\n  <tr>\r\n   <td>Storage Memory</td>\r\n   <td>\r\n   <ul>\r\n    <li>8 GB</li>\r\n   </ul>\r\n   </td>\r\n  </tr>\r\n  <tr>\r\n   <td>Supported App - Hotstar</td>\r\n   <td>\r\n   <ul>\r\n    <li>Yes</li>\r\n   </ul>\r\n   </td>\r\n  </tr>\r\n  <tr>\r\n   <td>Operating System</td>\r\n   <td>\r\n   <ul>\r\n    <li>Android Based</li>\r\n   </ul>\r\n   </td>\r\n  </tr>\r\n  <tr>\r\n   <td>Screen Mirroring</td>\r\n   <td>\r\n   <ul>\r\n    <li>Yes</li>\r\n   </ul>\r\n   </td>\r\n  </tr>\r\n  <tr>\r\n   <td>Content Providers</td>\r\n   <td>\r\n   <ul>\r\n    <li>Content Providers - Hotstar, Voot, Sony Liv, Sun Nxt, Zee5, Hungama Play, ALT Balaji, Viu, TVF Play, Flickstree</li>\r\n   </ul>\r\n   </td>\r\n  </tr>\r\n  <tr>\r\n   <td>Content Languages</td>\r\n   <td>\r\n   <ul>\r\n    <li>Marathi, Gujarati, Sinhala, Kannada, Tamil, Rajasthani, Hindi, English, Punjabi, Telugu, Bengali, Urdu, Malayalam, Bhojpuri, Oriya</li>\r\n   </ul>\r\n   </td>\r\n  </tr>\r\n  <tr>\r\n   <td>System Languages</td>\r\n   <td>\r\n   <ul>\r\n    <li>Assamese, Marathi, Gujarati, Kannada, Tamil, English, Hindi, Punjabi, Bengali, Telugu, Urdu, Malayalam, Oriya</li>\r\n   </ul>\r\n   </td>\r\n  </tr>\r\n </tbody>\r\n</table>\r\n\r\n<h3>Audio Features</h3>\r\n\r\n<table border=\\>\r\n <tbody>\r\n  <tr>\r\n   <td>Number of Speakers</td>\r\n   <td>\r\n   <ul>\r\n    <li>2</li>\r\n   </ul>\r\n   </td>\r\n  </tr>\r\n  <tr>\r\n   <td>Sound Technology</td>\r\n   <td>\r\n   <ul>\r\n    <li>DTS</li>\r\n   </ul>\r\n   </td>\r\n  </tr>\r\n  <tr>\r\n   <td>Surround Sound</td>\r\n   <td>\r\n   <ul>\r\n    <li>Yes</li>\r\n   </ul>\r\n   </td>\r\n  </tr>\r\n  <tr>\r\n   <td>Speaker Output RMS</td>\r\n   <td>\r\n   <ul>\r\n    <li>20 W</li>\r\n   </ul>\r\n   </td>\r\n  </tr>\r\n  <tr>\r\n   <td>Supported Audio Formats</td>\r\n   <td>\r\n   <ul>\r\n    <li>DTS</li>\r\n   </ul>\r\n   </td>\r\n  </tr>\r\n  <tr>\r\n   <td>Other Audio Features</td>\r\n   <td>\r\n   <ul>\r\n    <li>Surround Sound</li>\r\n   </ul>\r\n   </td>\r\n  </tr>\r\n </tbody>\r\n</table>\r\n\r\n<h3>Power Features</h3>\r\n\r\n<table border=\\>\r\n <tbody>\r\n  <tr>\r\n   <td>Power Requirement</td>\r\n   <td>\r\n   <ul>\r\n    <li>AC 100 - 240 V, 50/60 Hz</li>\r\n   </ul>\r\n   </td>\r\n  </tr>\r\n  <tr>\r\n   <td>Power Consumption</td>\r\n   <td>\r\n   <ul>\r\n    <li>50 W, 0.5 W (Standby)</li>\r\n   </ul>\r\n   </td>\r\n  </tr>\r\n </tbody>\r\n</table>\r\n\r\n<h3>Remote Control Features</h3>\r\n\r\n<table border=\\>\r\n <tbody>\r\n  <tr>\r\n   <td>Touch Remote</td>\r\n   <td>\r\n   <ul>\r\n    <li>No</li>\r\n   </ul>\r\n   </td>\r\n  </tr>\r\n  <tr>\r\n   <td>Internet Access</td>\r\n   <td>\r\n   <ul>\r\n    <li>Yes</li>\r\n   </ul>\r\n   </td>\r\n  </tr>\r\n </tbody>\r\n</table>\r\n\r\n<h3>Additional Features</h3>\r\n\r\n<table border=\\>\r\n <tbody>\r\n  <tr>\r\n   <td>\r\n   <ul>\r\n    <li>Supported Photo Formats - PNG, GIF, JPG, DTS-HD Speakers, Cable TV Integration, 3.5mm jack, Ultra Bright HD display</li>\r\n   </ul>\r\n   </td>\r\n  </tr>\r\n </tbody>\r\n</table>\r\n\r\n<h3>Dimensions</h3>\r\n\r\n<table border=\\>\r\n <tbody>\r\n  <tr>\r\n   <td>Width x Height x Depth (without stand)</td>\r\n   <td>\r\n   <ul>\r\n    <li>733 mm x 435 mm x 80 mm</li>\r\n   </ul>\r\n   </td>\r\n  </tr>\r\n  <tr>\r\n   <td>Weight (without stand)</td>\r\n   <td>\r\n   <ul>\r\n    <li>3.855 kg</li>\r\n   </ul>\r\n   </td>\r\n  </tr>\r\n  <tr>\r\n   <td>Width x Height x Depth (with stand)</td>\r\n   <td>\r\n   <ul>\r\n    <li>733 mm x 479 mm x 180 mm</li>\r\n   </ul>\r\n   </td>\r\n  </tr>\r\n  <tr>\r\n   <td>Weight (with stand)</td>\r\n   <td>\r\n   <ul>\r\n    <li>3.9 kg</li>\r\n   </ul>\r\n   </td>\r\n  </tr>\r\n </tbody>\r\n</table>\r\n\r\n<h3>Warranty</h3>\r\n\r\n<table border=\\>\r\n <tbody>\r\n  <tr>\r\n   <td>Warranty Summary</td>\r\n   <td>\r\n   <ul>\r\n    <li>1 Year Warranty on Product and Additional 1 Year Warranty on Panel</li>\r\n   </ul>\r\n   </td>\r\n  </tr>\r\n  <tr>\r\n   <td>Covered in Warranty</td>\r\n   <td>\r\n   <ul>\r\n    <li>Defect Arising Out of Faulty or Defective Material or Workmanship. Parts and Labour Costs are Covered</li>\r\n   </ul>\r\n   </td>\r\n  </tr>\r\n  <tr>\r\n   <td>Not Covered in Warranty</td>\r\n   <td>\r\n   <ul>\r\n    <li>Physical Damages after Usage, Scratches on Panel</li>\r\n   </ul>\r\n   </td>\r\n  </tr>\r\n  <tr>\r\n   <td>Warranty Service Type</td>\r\n   <td>\r\n   <ul>\r\n    <li>On-site Technician Visit</li>\r\n   </ul>\r\n   </td>\r\n  </tr>\r\n </tbody>\r\n</table>\r\n\r\n<h3>Installation & Demo</h3>\r\n\r\n<table border=\\>\r\n <tbody>\r\n  <tr>\r\n   <td>Installation & Demo Details</td>\r\n   <td>\r\n   <ul>\r\n    <li>Please note that any unauthorized handling or self-installation of the product will lead to return & product warranty being void</li>\r\n    <li>Installation will be free of cost only if done within 15 days of delivery</li>\r\n    <li>Flipkart will facilitate Installation & Demo at time of your convenience from an brand authorized service engineer</li>\r\n    <li>Customer will have to pay Rs 500 (Applicable Tax Extra) if the installation is requested post 15 days of delivery</li>\r\n    <li>The authorized service engineer will be providing detailed demo that includes</li>\r\n    <li>The service engineer will install your new TV, either on wall mount or on table top. The wall mount is not provided free of cost and is chargeable to the customer. The cost of wall mount is Rs. 399 (inclusive of applicable taxes) and will be available with service engineer for purchase</li>\r\n    <li>a. Physical check of all ports, including power and USB ports. b. Checking also of accessories c. Understanding your new TV&#39;s features with complete demonstration of features and settings d. Quick run-through on how to operate the TV e. Preventive maintenance action to be taken</li>\r\n    <li>Flipkart will communicate the day and time slot of the scheduled Installation & Demo through a SMS</li>\r\n    <li>The Installation & First Demo service will be provided free of cost. All additional accessories not part of the the package will be charged separately</li>\r\n   </ul>\r\n   </td>\r\n  </tr>\r\n </tbody>\r\n</table>\r\n', '10012020122400_83003.png', '10012020122400_830031.png', '', 323.56, 323.56, 0, 0, '', 'Black/000000', '', 0, 1, 0, '0', 0, 0, 0, 0, '0', 0, '1578639240', 1);

-- --------------------------------------------------------

--
-- Table structure for table `tbl_gf_tbl_product_images`
--

CREATE TABLE IF NOT EXISTS `tbl_gf_tbl_product_images` (
  `id` int(10) NOT NULL,
  `parent_id` int(10) NOT NULL,
  `image_file` text NOT NULL,
  `type` varchar(60) NOT NULL,
  `status` int(1) NOT NULL DEFAULT '1'
) ENGINE=InnoDB AUTO_INCREMENT=457 DEFAULT CHARSET=utf8;

--
-- Dumping data for table `tbl_gf_tbl_product_images`
--

INSERT INTO `tbl_gf_tbl_product_images` (`id`, `parent_id`, `image_file`, `type`, `status`) VALUES
(1, 1, '25102019041609_3624_2_.png', 'product', 1),
(2, 1, '25102019041609_84776_2_.png', 'product', 1),
(3, 1, '25102019041925_89155_2_.png', 'product', 1),
(4, 1, '25102019041925_46825_2_.png', 'product', 1),
(5, 1, '25102019041925_63164_2_.png', 'product', 1),
(6, 1, '25102019041926_15427_2_.png', 'product', 1),
(7, 1, '25102019041926_33413_2_.png', 'product', 1),
(8, 1, '25102019041926_26994_2_.png', 'product', 1),
(9, 5, '25102019043521_8701_2_.png', 'product', 1),
(10, 5, '25102019043521_8701_2_1.png', 'product', 1),
(11, 5, '25102019043521_8701_2_2.png', 'product', 1),
(12, 5, '25102019043521_8701_2_3.png', 'product', 1),
(13, 5, '25102019043521_8701_2_4.png', 'product', 1),
(14, 5, '25102019043521_8701_2_5.png', 'product', 1),
(15, 3, '25102019044132_42979_2_.png', 'product', 1),
(16, 3, '25102019044132_40690_2_.png', 'product', 1),
(17, 3, '25102019044132_35582_2_.png', 'product', 1),
(18, 3, '25102019044132_80229_2_.png', 'product', 1),
(19, 3, '25102019044132_46933_2_.png', 'product', 1),
(20, 3, '25102019044132_27725_2_.png', 'product', 1),
(21, 3, '25102019044133_71274_2_.png', 'product', 1),
(22, 3, '25102019044133_16782_2_.png', 'product', 1),
(23, 3, '25102019044133_13428_2_.png', 'product', 1),
(24, 4, '25102019053946_85368_2_.png', 'product', 1),
(25, 4, '25102019053946_14227_2_.png', 'product', 1),
(26, 4, '25102019053946_19100_2_.png', 'product', 1),
(27, 4, '25102019053946_62336_2_.png', 'product', 1),
(28, 2, '25102019054431_20591_2_.png', 'product', 1),
(29, 2, '25102019054431_84990_2_.png', 'product', 1),
(30, 2, '25102019054431_70855_2_.png', 'product', 1),
(31, 6, '26102019092151_13297_2_.png', 'product', 1),
(32, 6, '26102019092151_13297_2_1.png', 'product', 1),
(33, 6, '26102019092151_13297_2_2.png', 'product', 1),
(34, 8, '07112019043756_2047_2_.png', 'product', 1),
(35, 8, '07112019043756_2047_2_1.png', 'product', 1),
(36, 8, '07112019043756_2047_2_2.png', 'product', 1),
(37, 8, '07112019043756_2047_2_3.png', 'product', 1),
(38, 9, '07112019044349_88144_2_.png', 'product', 1),
(39, 9, '07112019044349_88144_2_1.png', 'product', 1),
(40, 9, '07112019044349_88144_2_2.png', 'product', 1),
(41, 9, '07112019044349_88144_2_3.png', 'product', 1),
(42, 9, '07112019044349_88144_2_4.png', 'product', 1),
(43, 9, '07112019044349_88144_2_5.png', 'product', 1),
(44, 9, '07112019044349_88144_2_6.png', 'product', 1),
(45, 9, '07112019044349_88144_2_7.png', 'product', 1),
(46, 9, '07112019044349_88144_2_8.png', 'product', 1),
(50, 10, '27112019104137_31346_2_.jpg', 'product', 1),
(51, 10, '27112019104137_31346_2_1.jpg', 'product', 1),
(52, 10, '27112019104137_31346_2_2.jpg', 'product', 1),
(53, 10, '27112019104137_31346_2_3.jpg', 'product', 1),
(54, 11, '27112019105835_91751_2_.jpg', 'product', 1),
(55, 11, '27112019105835_91751_2_1.jpg', 'product', 1),
(56, 11, '27112019105835_91751_2_2.jpg', 'product', 1),
(57, 11, '27112019105835_91751_2_3.jpg', 'product', 1),
(58, 11, '27112019105835_91751_2_4.jpg', 'product', 1),
(59, 11, '27112019105835_91751_2_5.jpg', 'product', 1),
(89, 20, '11122019042220_16245.png', 'product', 1),
(90, 20, '11122019042220_162451.png', 'product', 1),
(91, 20, '11122019042220_162452.png', 'product', 1),
(188, 28, '01012020060018_88421.png', 'product', 1),
(189, 28, '01012020060018_884211.png', 'product', 1),
(190, 28, '01012020060018_884212.png', 'product', 1),
(191, 28, '01012020060018_884213.png', 'product', 1),
(192, 28, '01012020060018_884214.png', 'product', 1),
(193, 28, '01012020060018_884215.png', 'product', 1),
(194, 28, '01012020060018_884216.png', 'product', 1),
(198, 29, '09012020034711_15772.png', 'product', 1),
(199, 29, '09012020034711_157721.png', 'product', 1),
(200, 29, '09012020034711_157722.png', 'product', 1),
(201, 29, '09012020034711_157723.png', 'product', 1),
(202, 29, '09012020034711_157724.png', 'product', 1),
(203, 29, '09012020034711_157725.png', 'product', 1),
(204, 29, '09012020034711_157726.png', 'product', 1),
(205, 30, '09012020041516_67337.png', 'product', 1),
(206, 30, '09012020041516_673371.png', 'product', 1),
(207, 30, '09012020041516_673372.png', 'product', 1),
(208, 30, '09012020041516_673373.png', 'product', 1),
(209, 31, '09012020042505_19858.png', 'product', 1),
(210, 31, '09012020042505_198581.png', 'product', 1),
(211, 31, '09012020042505_198582.png', 'product', 1),
(212, 31, '09012020042505_198583.png', 'product', 1),
(213, 32, '09012020043156_59802.png', 'product', 1),
(214, 32, '09012020043156_598021.png', 'product', 1),
(215, 32, '09012020043156_598022.png', 'product', 1),
(216, 32, '09012020043156_598023.png', 'product', 1),
(217, 33, '09012020043932_86109.png', 'product', 1),
(218, 33, '09012020043932_861091.png', 'product', 1),
(219, 33, '09012020043932_861092.png', 'product', 1),
(220, 33, '09012020043932_861093.png', 'product', 1),
(221, 34, '09012020051411_41796.png', 'product', 1),
(222, 34, '09012020051411_417961.png', 'product', 1),
(223, 35, '10012020095305_7281.png', 'product', 1),
(224, 36, '10012020095647_23026.png', 'product', 1),
(225, 36, '10012020095647_230261.png', 'product', 1),
(226, 37, '10012020100844_41250.png', 'product', 1),
(227, 37, '10012020100844_412501.png', 'product', 1),
(228, 37, '10012020100844_412502.png', 'product', 1),
(229, 37, '10012020100844_412503.png', 'product', 1),
(230, 38, '10012020101913_5142.png', 'product', 1),
(231, 38, '10012020101913_51421.png', 'product', 1),
(232, 38, '10012020101913_51422.png', 'product', 1),
(233, 38, '10012020101913_51423.png', 'product', 1),
(234, 39, '10012020104042_23146.png', 'product', 1),
(235, 39, '10012020104042_231461.png', 'product', 1),
(236, 39, '10012020104042_231462.png', 'product', 1),
(237, 39, '10012020104042_231463.png', 'product', 1),
(238, 39, '10012020104042_231464.png', 'product', 1),
(239, 39, '10012020104042_231465.png', 'product', 1),
(240, 39, '10012020104042_231466.png', 'product', 1),
(241, 39, '10012020104042_231467.png', 'product', 1),
(242, 39, '10012020104042_231468.png', 'product', 1),
(249, 41, '10012020112559_28160.png', 'product', 1),
(250, 41, '10012020112559_281601.png', 'product', 1),
(251, 41, '10012020112559_281602.png', 'product', 1),
(252, 41, '10012020112559_281603.png', 'product', 1),
(253, 42, '10012020120042_45165.png', 'product', 1),
(254, 42, '10012020120042_451651.png', 'product', 1),
(255, 42, '10012020120042_451652.png', 'product', 1),
(256, 42, '10012020120042_451653.png', 'product', 1),
(257, 43, '10012020121103_89317.png', 'product', 1),
(258, 43, '10012020121103_893171.png', 'product', 1),
(259, 43, '10012020121103_893172.png', 'product', 1),
(260, 43, '10012020121103_893173.png', 'product', 1),
(261, 43, '10012020121103_893174.png', 'product', 1),
(262, 43, '10012020121103_893175.png', 'product', 1),
(263, 43, '10012020121103_893176.png', 'product', 1),
(264, 44, '10012020121722_42662.png', 'product', 1),
(265, 44, '10012020121722_426621.png', 'product', 1),
(266, 44, '10012020121722_426622.png', 'product', 1),
(267, 44, '10012020121722_426623.png', 'product', 1),
(268, 44, '10012020121722_426624.png', 'product', 1),
(269, 44, '10012020121722_426625.png', 'product', 1),
(270, 44, '10012020121722_426626.png', 'product', 1),
(271, 45, '10012020122400_83003.png', 'product', 1),
(272, 45, '10012020122400_830031.png', 'product', 1),
(273, 45, '10012020122400_830032.png', 'product', 1),
(274, 45, '10012020122400_830033.png', 'product', 1),
(275, 45, '10012020122400_830034.png', 'product', 1),
(276, 45, '10012020122400_830035.png', 'product', 1);

-- --------------------------------------------------------

--
-- Table structure for table `tbl_gf_tbl_rating`
--

CREATE TABLE IF NOT EXISTS `tbl_gf_tbl_rating` (
  `id` int(10) NOT NULL,
  `product_id` int(10) NOT NULL,
  `user_id` int(10) NOT NULL,
  `order_id` int(10) NOT NULL DEFAULT '0',
  `rating` double NOT NULL,
  `rating_desc` longtext NOT NULL,
  `created_at` varchar(150) NOT NULL
) ENGINE=InnoDB DEFAULT CHARSET=utf8;

-- --------------------------------------------------------

--
-- Table structure for table `tbl_gf_tbl_sub_category`
--

CREATE TABLE IF NOT EXISTS `tbl_gf_tbl_sub_category` (
  `id` int(11) NOT NULL,
  `category_id` int(10) NOT NULL,
  `sub_category_name` varchar(150) NOT NULL,
  `sub_category_slug` varchar(150) NOT NULL,
  `sub_category_image` text NOT NULL,
  `created_at` varchar(150) NOT NULL,
  `show_on_off` int(1) NOT NULL DEFAULT '0',
  `status` int(1) NOT NULL DEFAULT '1'
) ENGINE=InnoDB AUTO_INCREMENT=28 DEFAULT CHARSET=utf8;

--
-- Dumping data for table `tbl_gf_tbl_sub_category`
--

INSERT INTO `tbl_gf_tbl_sub_category` (`id`, `category_id`, `sub_category_name`, `sub_category_slug`, `sub_category_image`, `created_at`, `show_on_off`, `status`) VALUES
(2, 2, 'Shirt', 'shirt', '23102019053157_49175.jpg', '1570084668', 1, 1),
(3, 2, 'Jeans', 'jeans', '23102019052330_39760.jpg', '1570179058', 1, 1),
(8, 1, 'Mobiles', 'mobiles', '23102019051943_65874.jpg', '1568960439', 1, 1),
(21, 1, 'Television', 'television', '09012020034113_46403.jpg', '1578564673', 1, 1);

--
-- Indexes for dumped tables
--

--
-- Indexes for table `tbl_gf_tbl_brands`
--
ALTER TABLE `tbl_gf_tbl_brands`
  ADD PRIMARY KEY (`id`);

--
-- Indexes for table `tbl_gf_tbl_cart`
--
ALTER TABLE `tbl_gf_tbl_cart`
  ADD PRIMARY KEY (`id`);

--
-- Indexes for table `tbl_gf_tbl_cart_tmp`
--
ALTER TABLE `tbl_gf_tbl_cart_tmp`
  ADD PRIMARY KEY (`id`);

--
-- Indexes for table `tbl_gf_tbl_category`
--
ALTER TABLE `tbl_gf_tbl_category`
  ADD PRIMARY KEY (`id`);

--
-- Indexes for table `tbl_gf_tbl_coupon`
--
ALTER TABLE `tbl_gf_tbl_coupon`
  ADD PRIMARY KEY (`id`);

--
-- Indexes for table `tbl_gf_tbl_order_details`
--
ALTER TABLE `tbl_gf_tbl_order_details`
  ADD PRIMARY KEY (`id`);

--
-- Indexes for table `tbl_gf_tbl_order_items`
--
ALTER TABLE `tbl_gf_tbl_order_items`
  ADD PRIMARY KEY (`id`);

--
-- Indexes for table `tbl_gf_tbl_order_status`
--
ALTER TABLE `tbl_gf_tbl_order_status`
  ADD PRIMARY KEY (`id`);

--
-- Indexes for table `tbl_gf_tbl_product`
--
ALTER TABLE `tbl_gf_tbl_product`
  ADD PRIMARY KEY (`id`);

--
-- Indexes for table `tbl_gf_tbl_product_images`
--
ALTER TABLE `tbl_gf_tbl_product_images`
  ADD PRIMARY KEY (`id`);

--
-- Indexes for table `tbl_gf_tbl_rating`
--
ALTER TABLE `tbl_gf_tbl_rating`
  ADD PRIMARY KEY (`id`);

--
-- Indexes for table `tbl_gf_tbl_sub_category`
--
ALTER TABLE `tbl_gf_tbl_sub_category`
  ADD PRIMARY KEY (`id`);

--
-- AUTO_INCREMENT for dumped tables
--

--
-- AUTO_INCREMENT for table `tbl_gf_tbl_brands`
--
ALTER TABLE `tbl_gf_tbl_brands`
  MODIFY `id` int(10) NOT NULL AUTO_INCREMENT,AUTO_INCREMENT=24;
--
-- AUTO_INCREMENT for table `tbl_gf_tbl_cart`
--
ALTER TABLE `tbl_gf_tbl_cart`
  MODIFY `id` int(10) NOT NULL AUTO_INCREMENT;
--
-- AUTO_INCREMENT for table `tbl_gf_tbl_cart_tmp`
--
ALTER TABLE `tbl_gf_tbl_cart_tmp`
  MODIFY `id` int(10) NOT NULL AUTO_INCREMENT;
--
-- AUTO_INCREMENT for table `tbl_gf_tbl_category`
--
ALTER TABLE `tbl_gf_tbl_category`
  MODIFY `id` int(10) NOT NULL AUTO_INCREMENT,AUTO_INCREMENT=14;
--
-- AUTO_INCREMENT for table `tbl_gf_tbl_coupon`
--
ALTER TABLE `tbl_gf_tbl_coupon`
  MODIFY `id` int(10) NOT NULL AUTO_INCREMENT,AUTO_INCREMENT=3;
--
-- AUTO_INCREMENT for table `tbl_gf_tbl_order_details`
--
ALTER TABLE `tbl_gf_tbl_order_details`
  MODIFY `id` int(10) NOT NULL AUTO_INCREMENT;
--
-- AUTO_INCREMENT for table `tbl_gf_tbl_order_items`
--
ALTER TABLE `tbl_gf_tbl_order_items`
  MODIFY `id` int(10) NOT NULL AUTO_INCREMENT;
--
-- AUTO_INCREMENT for table `tbl_gf_tbl_order_status`
--
ALTER TABLE `tbl_gf_tbl_order_status`
  MODIFY `id` int(20) NOT NULL AUTO_INCREMENT;
--
-- AUTO_INCREMENT for table `tbl_gf_tbl_product`
--
ALTER TABLE `tbl_gf_tbl_product`
  MODIFY `id` int(10) NOT NULL AUTO_INCREMENT,AUTO_INCREMENT=88;
--
-- AUTO_INCREMENT for table `tbl_gf_tbl_product_images`
--
ALTER TABLE `tbl_gf_tbl_product_images`
  MODIFY `id` int(10) NOT NULL AUTO_INCREMENT,AUTO_INCREMENT=457;
--
-- AUTO_INCREMENT for table `tbl_gf_tbl_rating`
--
ALTER TABLE `tbl_gf_tbl_rating`
  MODIFY `id` int(10) NOT NULL AUTO_INCREMENT;
--
-- AUTO_INCREMENT for table `tbl_gf_tbl_sub_category`
--
ALTER TABLE `tbl_gf_tbl_sub_category`
  MODIFY `id` int(11) NOT NULL AUTO_INCREMENT,AUTO_INCREMENT=28;
/*!40101 SET CHARACTER_SET_CLIENT=@OLD_CHARACTER_SET_CLIENT */;
/*!40101 SET CHARACTER_SET_RESULTS=@OLD_CHARACTER_SET_RESULTS */;
/*!40101 SET COLLATION_CONNECTION=@OLD_COLLATION_CONNECTION */;
